Date,Production_Line,Machine_ID,Product,Target_Production,Actual_Production,Defective_Units,Downtime_Minutes,Operating_Hours
2025-01-01,Line 1,M101,Product A,812,789,22,67,6.88
2025-01-01,Line 1,M102,Product B,1177,918,20,161,5.32
2025-01-01,Line 2,M201,Product D,816,619,19,69,6.85
2025-01-01,Line 2,M202,Product A,1087,880,49,149,5.52
2025-01-01,Line 3,M301,Product D,912,806,25,11,7.82
2025-01-01,Line 3,M302,Product B,1157,1014,45,49,7.18
2025-01-01,Line 4,M401,Product B,1190,1012,21,107,6.22
2025-01-01,Line 4,M402,Product A,983,987,42,21,7.65
2025-01-02,Line 1,M101,Product D,1074,845,67,106,6.23
2025-01-02,Line 1,M102,Product A,1082,906,55,157,5.38
2025-01-02,Line 2,M201,Product B,1160,894,37,84,6.6
2025-01-02,Line 2,M202,Product A,919,928,57,81,6.65
2025-01-02,Line 3,M301,Product D,1125,1125,31,104,6.27
2025-01-02,Line 3,M302,Product C,907,862,52,175,5.08
2025-01-02,Line 4,M401,Product A,1111,1044,78,72,6.8
2025-01-02,Line 4,M402,Product B,1036,894,36,93,6.45
2025-01-03,Line 1,M101,Product A,917,913,49,112,6.13
2025-01-03,Line 1,M102,Product C,833,677,42,90,6.5
2025-01-03,Line 2,M201,Product B,1135,1021,68,46,7.23
2025-01-03,Line 2,M202,Product C,871,717,42,147,5.55
2025-01-03,Line 3,M301,Product C,1182,1093,84,112,6.13
2025-01-03,Line 3,M302,Product C,912,956,26,140,5.67
2025-01-03,Line 4,M401,Product D,846,826,63,38,7.37
2025-01-03,Line 4,M402,Product B,1121,894,62,162,5.3
2025-01-04,Line 1,M101,Product A,997,861,37,145,5.58
2025-01-04,Line 1,M102,Product C,1083,1091,11,39,7.35
2025-01-04,Line 2,M201,Product C,1193,1124,25,85,6.58
2025-01-04,Line 2,M202,Product D,880,779,53,77,6.72
2025-01-04,Line 3,M301,Product B,1059,1084,48,173,5.12
2025-01-04,Line 3,M302,Product B,878,756,17,148,5.53
2025-01-04,Line 4,M401,Product A,1106,937,11,38,7.37
2025-01-04,Line 4,M402,Product C,957,786,22,155,5.42
2025-01-05,Line 1,M101,Product A,843,817,60,27,7.55
2025-01-05,Line 1,M102,Product B,865,819,43,52,7.13
2025-01-05,Line 2,M201,Product C,1070,1082,64,64,6.93
2025-01-05,Line 2,M202,Product B,1165,982,56,122,5.97
2025-01-05,Line 3,M301,Product D,861,709,11,96,6.4
2025-01-05,Line 3,M302,Product A,1101,1008,38,11,7.82
2025-01-05,Line 4,M401,Product A,1162,1091,39,27,7.55
2025-01-05,Line 4,M402,Product A,969,747,22,81,6.65
2025-01-06,Line 1,M101,Product D,909,828,54,156,5.4
2025-01-06,Line 1,M102,Product D,924,910,61,58,7.03
2025-01-06,Line 2,M201,Product A,849,804,30,118,6.03
2025-01-06,Line 2,M202,Product D,1039,1048,16,177,5.05
2025-01-06,Line 3,M301,Product A,831,723,28,37,7.38
2025-01-06,Line 3,M302,Product B,898,724,35,45,7.25
2025-01-06,Line 4,M401,Product D,893,744,22,29,7.52
2025-01-06,Line 4,M402,Product D,1081,842,49,148,5.53
2025-01-07,Line 1,M101,Product A,847,870,62,70,6.83
2025-01-07,Line 1,M102,Product B,1008,902,36,112,6.13
2025-01-07,Line 2,M201,Product A,884,763,31,77,6.72
2025-01-07,Line 2,M202,Product D,946,829,54,152,5.47
2025-01-07,Line 3,M301,Product D,879,709,20,24,7.6
2025-01-07,Line 3,M302,Product A,1182,997,15,159,5.35
2025-01-07,Line 4,M401,Product D,1057,1084,77,50,7.17
2025-01-07,Line 4,M402,Product A,1060,820,19,27,7.55
2025-01-08,Line 1,M101,Product A,1145,1154,62,40,7.33
2025-01-08,Line 1,M102,Product B,1096,1017,20,117,6.05
2025-01-08,Line 2,M201,Product C,933,756,52,90,6.5
2025-01-08,Line 2,M202,Product B,935,812,50,175,5.08
2025-01-08,Line 3,M301,Product C,1034,873,56,28,7.53
2025-01-08,Line 3,M302,Product A,1034,968,21,28,7.53
2025-01-08,Line 4,M401,Product B,1059,878,67,99,6.35
2025-01-08,Line 4,M402,Product A,925,796,17,122,5.97
2025-01-09,Line 1,M101,Product C,1113,1163,78,12,7.8
2025-01-09,Line 1,M102,Product C,1139,889,25,77,6.72
2025-01-09,Line 2,M201,Product A,854,830,17,79,6.68
2025-01-09,Line 2,M202,Product C,1109,901,52,62,6.97
2025-01-09,Line 3,M301,Product C,1058,948,15,33,7.45
2025-01-09,Line 3,M302,Product D,941,718,28,43,7.28
2025-01-09,Line 4,M401,Product C,882,857,43,119,6.02
2025-01-09,Line 4,M402,Product A,857,662,50,48,7.2
2025-01-10,Line 1,M101,Product A,989,914,27,120,6.0
2025-01-10,Line 1,M102,Product B,821,691,8,101,6.32
2025-01-10,Line 2,M201,Product B,1149,947,22,100,6.33
2025-01-10,Line 2,M202,Product D,1117,1088,40,51,7.15
2025-01-10,Line 3,M301,Product B,1011,765,54,95,6.42
2025-01-10,Line 3,M302,Product D,1142,1152,42,78,6.7
2025-01-10,Line 4,M401,Product B,1159,906,13,130,5.83
2025-01-10,Line 4,M402,Product B,902,897,66,99,6.35
2025-01-11,Line 1,M101,Product C,916,748,49,59,7.02
2025-01-11,Line 1,M102,Product D,968,806,12,81,6.65
2025-01-11,Line 2,M201,Product C,1128,1018,78,94,6.43
2025-01-11,Line 2,M202,Product A,859,870,24,55,7.08
2025-01-11,Line 3,M301,Product C,819,640,33,98,6.37
2025-01-11,Line 3,M302,Product C,1023,953,74,39,7.35
2025-01-11,Line 4,M401,Product D,1095,883,10,121,5.98
2025-01-11,Line 4,M402,Product A,1066,1095,78,60,7.0
2025-01-12,Line 1,M101,Product C,1020,786,49,94,6.43
2025-01-12,Line 1,M102,Product C,1139,1144,49,139,5.68
2025-01-12,Line 2,M201,Product C,1141,995,60,85,6.58
2025-01-12,Line 2,M202,Product B,898,786,31,54,7.1
2025-01-12,Line 3,M301,Product C,1007,920,9,87,6.55
2025-01-12,Line 3,M302,Product C,907,797,44,165,5.25
2025-01-12,Line 4,M401,Product C,1038,916,36,140,5.67
2025-01-12,Line 4,M402,Product D,1176,941,19,82,6.63
2025-01-13,Line 1,M101,Product C,847,843,56,70,6.83
2025-01-13,Line 1,M102,Product C,915,907,27,16,7.73
2025-01-13,Line 2,M201,Product A,925,966,18,126,5.9
2025-01-13,Line 2,M202,Product D,1122,1035,59,136,5.73
2025-01-13,Line 3,M301,Product D,924,733,51,11,7.82
2025-01-13,Line 3,M302,Product A,1198,1051,32,142,5.63
2025-01-13,Line 4,M401,Product D,825,756,14,126,5.9
2025-01-13,Line 4,M402,Product B,1037,985,49,123,5.95
2025-01-14,Line 1,M101,Product D,1080,954,29,131,5.82
2025-01-14,Line 1,M102,Product D,932,909,44,143,5.62
2025-01-14,Line 2,M201,Product D,1120,920,65,29,7.52
2025-01-14,Line 2,M202,Product C,920,764,27,148,5.53
2025-01-14,Line 3,M301,Product A,870,691,30,49,7.18
2025-01-14,Line 3,M302,Product B,832,727,28,148,5.53
2025-01-14,Line 4,M401,Product D,1012,777,60,117,6.05
2025-01-14,Line 4,M402,Product D,1194,1104,13,157,5.38
2025-01-15,Line 1,M101,Product D,1044,784,29,86,6.57
2025-01-15,Line 1,M102,Product D,1014,924,37,134,5.77
2025-01-15,Line 2,M201,Product B,939,827,9,109,6.18
2025-01-15,Line 2,M202,Product C,1142,1089,61,52,7.13
2025-01-15,Line 3,M301,Product D,865,903,12,110,6.17
2025-01-15,Line 3,M302,Product A,842,793,15,128,5.87
2025-01-15,Line 4,M401,Product B,825,683,26,64,6.93
2025-01-15,Line 4,M402,Product D,967,823,64,107,6.22
2025-01-16,Line 1,M101,Product C,1185,1226,65,74,6.77
2025-01-16,Line 1,M102,Product A,1040,786,41,23,7.62
2025-01-16,Line 2,M201,Product C,914,863,57,176,5.07
2025-01-16,Line 2,M202,Product A,1186,900,40,61,6.98
2025-01-16,Line 3,M301,Product A,1118,889,24,131,5.82
2025-01-16,Line 3,M302,Product A,1088,1125,70,75,6.75
2025-01-16,Line 4,M401,Product C,885,824,55,39,7.35
2025-01-16,Line 4,M402,Product B,959,750,8,89,6.52
2025-01-17,Line 1,M101,Product D,1003,1035,35,29,7.52
2025-01-17,Line 1,M102,Product B,852,817,27,163,5.28
2025-01-17,Line 2,M201,Product A,1089,1072,54,146,5.57
2025-01-17,Line 2,M202,Product D,1138,980,73,175,5.08
2025-01-17,Line 3,M301,Product C,806,809,60,135,5.75
2025-01-17,Line 3,M302,Product A,1021,1060,68,49,7.18
2025-01-17,Line 4,M401,Product D,890,863,69,176,5.07
2025-01-17,Line 4,M402,Product C,1115,1106,79,133,5.78
2025-01-18,Line 1,M101,Product D,1023,1020,44,92,6.47
2025-01-18,Line 1,M102,Product B,844,703,35,72,6.8
2025-01-18,Line 2,M201,Product D,1091,1018,58,96,6.4
2025-01-18,Line 2,M202,Product A,1053,1058,33,134,5.77
2025-01-18,Line 3,M301,Product B,981,970,52,81,6.65
2025-01-18,Line 3,M302,Product C,1084,816,20,31,7.48
2025-01-18,Line 4,M401,Product B,1168,1018,81,71,6.82
2025-01-18,Line 4,M402,Product D,1130,1088,67,14,7.77
2025-01-19,Line 1,M101,Product A,950,775,51,72,6.8
2025-01-19,Line 1,M102,Product C,1139,1052,70,151,5.48
2025-01-19,Line 2,M201,Product C,1017,1066,80,94,6.43
2025-01-19,Line 2,M202,Product C,1159,1027,49,74,6.77
2025-01-19,Line 3,M301,Product B,861,832,28,40,7.33
2025-01-19,Line 3,M302,Product B,898,731,37,80,6.67
2025-01-19,Line 4,M401,Product C,851,850,26,68,6.87
2025-01-19,Line 4,M402,Product C,891,749,52,146,5.57
2025-01-20,Line 1,M101,Product B,940,717,10,151,5.48
2025-01-20,Line 1,M102,Product C,1157,1195,92,135,5.75
2025-01-20,Line 2,M201,Product A,806,743,37,132,5.8
2025-01-20,Line 2,M202,Product D,974,784,10,74,6.77
2025-01-20,Line 3,M301,Product D,858,855,33,135,5.75
2025-01-20,Line 3,M302,Product A,1095,1028,16,48,7.2
2025-01-20,Line 4,M401,Product B,1088,1125,21,73,6.78
2025-01-20,Line 4,M402,Product A,1085,1062,38,143,5.62
2025-01-21,Line 1,M101,Product D,1030,1053,48,160,5.33
2025-01-21,Line 1,M102,Product D,956,880,11,166,5.23
2025-01-21,Line 2,M201,Product A,1190,966,36,77,6.72
2025-01-21,Line 2,M202,Product A,880,723,42,29,7.52
2025-01-21,Line 3,M301,Product B,801,698,50,162,5.3
2025-01-21,Line 3,M302,Product D,949,721,25,82,6.63
2025-01-21,Line 4,M401,Product D,836,799,23,170,5.17
2025-01-21,Line 4,M402,Product B,1017,797,21,175,5.08
2025-01-22,Line 1,M101,Product B,936,934,18,25,7.58
2025-01-22,Line 1,M102,Product B,957,888,44,122,5.97
2025-01-22,Line 2,M201,Product A,1039,993,60,79,6.68
2025-01-22,Line 2,M202,Product D,1024,792,9,120,6.0
2025-01-22,Line 3,M301,Product C,1109,915,20,68,6.87
2025-01-22,Line 3,M302,Product A,1191,1133,45,157,5.38
2025-01-22,Line 4,M401,Product A,1190,1162,71,142,5.63
2025-01-22,Line 4,M402,Product D,942,757,44,121,5.98
2025-01-23,Line 1,M101,Product D,846,753,33,95,6.42
2025-01-23,Line 1,M102,Product C,1143,893,28,94,6.43
2025-01-23,Line 2,M201,Product D,1155,1037,61,150,5.5
2025-01-23,Line 2,M202,Product A,1032,801,24,92,6.47
2025-01-23,Line 3,M301,Product A,1195,1041,75,10,7.83
2025-01-23,Line 3,M302,Product D,1011,774,40,102,6.3
2025-01-23,Line 4,M401,Product D,1120,988,15,62,6.97
2025-01-23,Line 4,M402,Product C,1081,853,26,122,5.97
2025-01-24,Line 1,M101,Product D,862,653,46,165,5.25
2025-01-24,Line 1,M102,Product B,1163,927,10,151,5.48
2025-01-24,Line 2,M201,Product D,847,692,13,128,5.87
2025-01-24,Line 2,M202,Product A,1131,1130,74,84,6.6
2025-01-24,Line 3,M301,Product C,1012,1012,70,72,6.8
2025-01-24,Line 3,M302,Product D,1082,858,20,163,5.28
2025-01-24,Line 4,M401,Product B,835,695,32,97,6.38
2025-01-24,Line 4,M402,Product C,801,668,25,160,5.33
2025-01-25,Line 1,M101,Product D,876,774,37,98,6.37
2025-01-25,Line 1,M102,Product C,1082,1059,58,126,5.9
2025-01-25,Line 2,M201,Product C,896,935,39,156,5.4
2025-01-25,Line 2,M202,Product D,919,925,61,21,7.65
2025-01-25,Line 3,M301,Product C,1181,1053,58,108,6.2
2025-01-25,Line 3,M302,Product B,1053,1094,26,138,5.7
2025-01-25,Line 4,M401,Product C,851,861,36,35,7.42
2025-01-25,Line 4,M402,Product D,807,780,33,177,5.05
2025-01-26,Line 1,M101,Product B,838,746,23,96,6.4
2025-01-26,Line 1,M102,Product D,1132,876,29,146,5.57
2025-01-26,Line 2,M201,Product D,962,902,71,148,5.53
2025-01-26,Line 2,M202,Product A,1116,859,48,83,6.62
2025-01-26,Line 3,M301,Product B,1182,918,21,172,5.13
2025-01-26,Line 3,M302,Product A,1027,821,27,17,7.72
2025-01-26,Line 4,M401,Product A,966,955,46,101,6.32
2025-01-26,Line 4,M402,Product C,1020,809,41,115,6.08
2025-01-27,Line 1,M101,Product B,887,711,46,107,6.22
2025-01-27,Line 1,M102,Product B,1054,1079,28,69,6.85
2025-01-27,Line 2,M201,Product D,1126,930,41,180,5.0
2025-01-27,Line 2,M202,Product A,1038,1059,79,50,7.17
2025-01-27,Line 3,M301,Product A,1026,1060,48,173,5.12
2025-01-27,Line 3,M302,Product D,1153,951,47,60,7.0
2025-01-27,Line 4,M401,Product D,1047,818,32,156,5.4
2025-01-27,Line 4,M402,Product C,1094,917,46,15,7.75
2025-01-28,Line 1,M101,Product D,940,707,50,22,7.63
2025-01-28,Line 1,M102,Product D,946,929,38,165,5.25
2025-01-28,Line 2,M201,Product C,912,858,47,74,6.77
2025-01-28,Line 2,M202,Product B,1121,873,48,175,5.08
2025-01-28,Line 3,M301,Product A,958,945,13,158,5.37
2025-01-28,Line 3,M302,Product C,1174,926,46,93,6.45
2025-01-28,Line 4,M401,Product D,889,720,57,148,5.53
2025-01-28,Line 4,M402,Product C,1071,964,43,52,7.13
2025-01-29,Line 1,M101,Product C,1046,1088,47,96,6.4
2025-01-29,Line 1,M102,Product A,1039,1079,28,67,6.88
2025-01-29,Line 2,M201,Product D,1085,932,59,13,7.78
2025-01-29,Line 2,M202,Product C,1074,845,31,77,6.72
2025-01-29,Line 3,M301,Product D,1126,1162,24,69,6.85
2025-01-29,Line 3,M302,Product D,812,759,42,93,6.45
2025-01-29,Line 4,M401,Product B,1131,869,60,128,5.87
2025-01-29,Line 4,M402,Product C,1132,987,26,21,7.65
2025-01-30,Line 1,M101,Product A,955,1001,24,34,7.43
2025-01-30,Line 1,M102,Product B,1075,850,37,104,6.27
2025-01-30,Line 2,M201,Product D,1100,1069,29,116,6.07
2025-01-30,Line 2,M202,Product A,1050,981,44,18,7.7
2025-01-30,Line 3,M301,Product C,911,804,23,102,6.3
2025-01-30,Line 3,M302,Product A,1151,990,54,25,7.58
2025-01-30,Line 4,M401,Product D,941,759,14,126,5.9
2025-01-30,Line 4,M402,Product A,1139,926,11,22,7.63
2025-01-31,Line 1,M101,Product C,924,967,35,27,7.55
2025-01-31,Line 1,M102,Product B,1100,896,37,94,6.43
2025-01-31,Line 2,M201,Product B,1105,829,62,47,7.22
2025-01-31,Line 2,M202,Product B,1076,887,19,38,7.37
2025-01-31,Line 3,M301,Product A,867,654,21,160,5.33
2025-01-31,Line 3,M302,Product C,808,648,9,42,7.3
2025-01-31,Line 4,M401,Product D,1069,838,12,131,5.82
2025-01-31,Line 4,M402,Product D,1198,1028,23,125,5.92
2025-02-01,Line 1,M101,Product B,1114,849,58,178,5.03
2025-02-01,Line 1,M102,Product C,1034,975,12,25,7.58
2025-02-01,Line 2,M201,Product D,1005,882,14,135,5.75
2025-02-01,Line 2,M202,Product D,837,853,28,165,5.25
2025-02-01,Line 3,M301,Product B,833,656,45,172,5.13
2025-02-01,Line 3,M302,Product C,995,1043,77,85,6.58
2025-02-01,Line 4,M401,Product D,1058,985,21,39,7.35
2025-02-01,Line 4,M402,Product B,1020,903,38,115,6.08
2025-02-02,Line 1,M101,Product C,1032,897,20,90,6.5
2025-02-02,Line 1,M102,Product D,960,911,56,49,7.18
2025-02-02,Line 2,M201,Product D,834,648,11,33,7.45
2025-02-02,Line 2,M202,Product D,849,826,31,43,7.28
2025-02-02,Line 3,M301,Product A,1100,1140,82,94,6.43
2025-02-02,Line 3,M302,Product A,1010,864,50,118,6.03
2025-02-02,Line 4,M401,Product A,947,880,30,36,7.4
2025-02-02,Line 4,M402,Product B,879,832,22,37,7.38
2025-02-03,Line 1,M101,Product C,1084,932,44,156,5.4
2025-02-03,Line 1,M102,Product B,1019,1022,81,16,7.73
2025-02-03,Line 2,M201,Product C,814,654,50,89,6.52
2025-02-03,Line 2,M202,Product C,979,736,16,154,5.43
2025-02-03,Line 3,M301,Product D,835,661,46,17,7.72
2025-02-03,Line 3,M302,Product A,1182,1074,58,117,6.05
2025-02-03,Line 4,M401,Product D,974,776,26,93,6.45
2025-02-03,Line 4,M402,Product A,826,658,45,22,7.63
2025-02-04,Line 1,M101,Product A,939,829,35,134,5.77
2025-02-04,Line 1,M102,Product D,1012,841,56,141,5.65
2025-02-04,Line 2,M201,Product A,976,857,26,161,5.32
2025-02-04,Line 2,M202,Product D,1069,1015,15,66,6.9
2025-02-04,Line 3,M301,Product D,1106,847,21,87,6.55
2025-02-04,Line 3,M302,Product B,1192,943,41,84,6.6
2025-02-04,Line 4,M401,Product C,861,647,33,54,7.1
2025-02-04,Line 4,M402,Product B,994,904,38,138,5.7
2025-02-05,Line 1,M101,Product C,836,726,54,20,7.67
2025-02-05,Line 1,M102,Product D,809,718,11,90,6.5
2025-02-05,Line 2,M201,Product D,1093,952,62,84,6.6
2025-02-05,Line 2,M202,Product A,1007,761,27,53,7.12
2025-02-05,Line 3,M301,Product D,1153,1182,22,121,5.98
2025-02-05,Line 3,M302,Product A,924,813,33,144,5.6
2025-02-05,Line 4,M401,Product A,1002,1013,53,66,6.9
2025-02-05,Line 4,M402,Product C,1198,958,74,172,5.13
2025-02-06,Line 1,M101,Product A,1071,967,53,99,6.35
2025-02-06,Line 1,M102,Product B,920,718,23,60,7.0
2025-02-06,Line 2,M201,Product B,1108,881,56,177,5.05
2025-02-06,Line 2,M202,Product A,890,921,72,128,5.87
2025-02-06,Line 3,M301,Product D,1148,1179,83,174,5.1
2025-02-06,Line 3,M302,Product C,1121,947,65,27,7.55
2025-02-06,Line 4,M401,Product D,1026,963,44,161,5.32
2025-02-06,Line 4,M402,Product A,980,884,27,128,5.87
2025-02-07,Line 1,M101,Product D,819,628,24,29,7.52
2025-02-07,Line 1,M102,Product A,1114,1034,59,128,5.87
2025-02-07,Line 2,M201,Product A,1030,1053,83,176,5.07
2025-02-07,Line 2,M202,Product B,964,897,27,25,7.58
2025-02-07,Line 3,M301,Product D,852,846,61,97,6.38
2025-02-07,Line 3,M302,Product A,1058,998,14,73,6.78
2025-02-07,Line 4,M401,Product D,1024,928,29,103,6.28
2025-02-07,Line 4,M402,Product C,944,817,57,96,6.4
2025-02-08,Line 1,M101,Product A,1123,1060,18,94,6.43
2025-02-08,Line 1,M102,Product A,1085,1034,46,74,6.77
2025-02-08,Line 2,M201,Product B,970,751,49,46,7.23
2025-02-08,Line 2,M202,Product C,958,996,59,43,7.28
2025-02-08,Line 3,M301,Product A,958,879,49,94,6.43
2025-02-08,Line 3,M302,Product B,1143,1098,77,33,7.45
2025-02-08,Line 4,M401,Product D,1060,910,55,89,6.52
2025-02-08,Line 4,M402,Product B,909,774,56,134,5.77
2025-02-09,Line 1,M101,Product B,915,960,28,29,7.52
2025-02-09,Line 1,M102,Product C,851,767,41,144,5.6
2025-02-09,Line 2,M201,Product A,1138,968,25,162,5.3
2025-02-09,Line 2,M202,Product D,878,701,51,169,5.18
2025-02-09,Line 3,M301,Product B,1169,1030,62,103,6.28
2025-02-09,Line 3,M302,Product B,1027,958,66,69,6.85
2025-02-09,Line 4,M401,Product B,958,996,69,59,7.02
2025-02-09,Line 4,M402,Product C,1147,1186,67,128,5.87
2025-02-10,Line 1,M101,Product C,1198,1035,77,117,6.05
2025-02-10,Line 1,M102,Product B,902,893,25,74,6.77
2025-02-10,Line 2,M201,Product A,1128,1008,57,151,5.48
2025-02-10,Line 2,M202,Product A,1164,1168,26,82,6.63
2025-02-10,Line 3,M301,Product A,1190,949,66,141,5.65
2025-02-10,Line 3,M302,Product B,1023,795,21,125,5.92
2025-02-10,Line 4,M401,Product C,813,710,32,138,5.7
2025-02-10,Line 4,M402,Product C,920,796,12,105,6.25
2025-02-11,Line 1,M101,Product B,814,688,12,176,5.07
2025-02-11,Line 1,M102,Product C,874,691,24,130,5.83
2025-02-11,Line 2,M201,Product B,1188,1142,68,167,5.22
2025-02-11,Line 2,M202,Product A,840,634,19,48,7.2
2025-02-11,Line 3,M301,Product D,856,841,23,87,6.55
2025-02-11,Line 3,M302,Product A,824,676,46,169,5.18
2025-02-11,Line 4,M401,Product D,832,651,37,162,5.3
2025-02-11,Line 4,M402,Product A,1123,1015,40,46,7.23
2025-02-12,Line 1,M101,Product C,1019,764,29,71,6.82
2025-02-12,Line 1,M102,Product D,895,849,13,144,5.6
2025-02-12,Line 2,M201,Product C,834,864,42,139,5.68
2025-02-12,Line 2,M202,Product A,999,1010,15,172,5.13
2025-02-12,Line 3,M301,Product D,991,818,9,101,6.32
2025-02-12,Line 3,M302,Product A,976,802,50,170,5.17
2025-02-12,Line 4,M401,Product A,1195,1104,53,44,7.27
2025-02-12,Line 4,M402,Product A,980,895,30,128,5.87
2025-02-13,Line 1,M101,Product D,1123,903,26,26,7.57
2025-02-13,Line 1,M102,Product D,818,685,8,61,6.98
2025-02-13,Line 2,M201,Product A,961,989,74,111,6.15
2025-02-13,Line 2,M202,Product D,929,706,48,58,7.03
2025-02-13,Line 3,M301,Product C,982,990,15,177,5.05
2025-02-13,Line 3,M302,Product C,939,739,30,121,5.98
2025-02-13,Line 4,M401,Product D,1180,1040,59,96,6.4
2025-02-13,Line 4,M402,Product B,1054,1009,57,142,5.63
2025-02-14,Line 1,M101,Product C,842,815,13,120,6.0
2025-02-14,Line 1,M102,Product B,1079,904,22,30,7.5
2025-02-14,Line 2,M201,Product C,1138,954,66,164,5.27
2025-02-14,Line 2,M202,Product D,885,846,30,124,5.93
2025-02-14,Line 3,M301,Product A,1172,1184,56,167,5.22
2025-02-14,Line 3,M302,Product D,940,885,58,24,7.6
2025-02-14,Line 4,M401,Product A,1143,1075,56,141,5.65
2025-02-14,Line 4,M402,Product B,815,646,44,122,5.97
2025-02-15,Line 1,M101,Product A,864,665,47,103,6.28
2025-02-15,Line 1,M102,Product C,996,1030,14,164,5.27
2025-02-15,Line 2,M201,Product B,1147,1015,57,105,6.25
2025-02-15,Line 2,M202,Product D,1190,919,26,145,5.58
2025-02-15,Line 3,M301,Product C,1003,846,25,73,6.78
2025-02-15,Line 3,M302,Product A,813,789,38,142,5.63
2025-02-15,Line 4,M401,Product D,1087,853,57,76,6.73
2025-02-15,Line 4,M402,Product D,909,953,45,135,5.75
2025-02-16,Line 1,M101,Product B,862,681,10,125,5.92
2025-02-16,Line 1,M102,Product B,1165,1029,21,91,6.48
2025-02-16,Line 2,M201,Product C,1163,894,45,86,6.57
2025-02-16,Line 2,M202,Product B,1164,1120,33,102,6.3
2025-02-16,Line 3,M301,Product B,862,901,26,70,6.83
2025-02-16,Line 3,M302,Product D,813,697,42,104,6.27
2025-02-16,Line 4,M401,Product D,1082,853,64,32,7.47
2025-02-16,Line 4,M402,Product A,958,832,53,132,5.8
2025-02-17,Line 1,M101,Product D,1193,1041,83,28,7.53
2025-02-17,Line 1,M102,Product B,962,906,66,129,5.85
2025-02-17,Line 2,M201,Product C,865,876,57,151,5.48
2025-02-17,Line 2,M202,Product B,1193,1240,67,138,5.7
2025-02-17,Line 3,M301,Product A,863,781,26,52,7.13
2025-02-17,Line 3,M302,Product B,965,994,37,98,6.37
2025-02-17,Line 4,M401,Product C,840,693,46,151,5.48
2025-02-17,Line 4,M402,Product C,864,810,47,146,5.57
2025-02-18,Line 1,M101,Product A,1057,996,28,53,7.12
2025-02-18,Line 1,M102,Product C,1088,829,63,17,7.72
2025-02-18,Line 2,M201,Product A,823,851,57,157,5.38
2025-02-18,Line 2,M202,Product C,1133,921,62,168,5.2
2025-02-18,Line 3,M301,Product A,1054,1071,79,84,6.6
2025-02-18,Line 3,M302,Product C,1047,862,59,113,6.12
2025-02-18,Line 4,M401,Product C,1032,796,10,50,7.17
2025-02-18,Line 4,M402,Product D,1012,906,35,97,6.38
2025-02-19,Line 1,M101,Product B,960,968,49,98,6.37
2025-02-19,Line 1,M102,Product D,866,847,40,153,5.45
2025-02-19,Line 2,M201,Product A,963,792,14,78,6.7
2025-02-19,Line 2,M202,Product D,926,733,10,84,6.6
2025-02-19,Line 3,M301,Product D,1115,976,29,93,6.45
2025-02-19,Line 3,M302,Product C,897,878,39,141,5.65
2025-02-19,Line 4,M401,Product D,1055,1069,73,15,7.75
2025-02-19,Line 4,M402,Product A,1001,902,39,65,6.92
2025-02-20,Line 1,M101,Product C,824,630,37,162,5.3
2025-02-20,Line 1,M102,Product D,946,861,62,37,7.38
2025-02-20,Line 2,M201,Product D,868,880,54,103,6.28
2025-02-20,Line 2,M202,Product D,987,753,10,155,5.42
2025-02-20,Line 3,M301,Product B,985,902,18,108,6.2
2025-02-20,Line 3,M302,Product D,1191,1089,25,42,7.3
2025-02-20,Line 4,M401,Product A,1001,862,29,152,5.47
2025-02-20,Line 4,M402,Product C,1186,940,74,112,6.13
2025-02-21,Line 1,M101,Product A,823,626,27,131,5.82
2025-02-21,Line 1,M102,Product D,876,816,40,45,7.25
2025-02-21,Line 2,M201,Product C,1113,941,59,167,5.22
2025-02-21,Line 2,M202,Product C,1103,938,74,146,5.57
2025-02-21,Line 3,M301,Product D,1162,1067,70,14,7.77
2025-02-21,Line 3,M302,Product C,969,922,62,159,5.35
2025-02-21,Line 4,M401,Product C,1171,1184,91,16,7.73
2025-02-21,Line 4,M402,Product D,935,972,38,23,7.62
2025-02-22,Line 1,M101,Product D,887,804,54,168,5.2
2025-02-22,Line 1,M102,Product D,875,871,23,18,7.7
2025-02-22,Line 2,M201,Product A,897,677,26,117,6.05
2025-02-22,Line 2,M202,Product B,1011,967,61,138,5.7
2025-02-22,Line 3,M301,Product D,1176,1138,28,142,5.63
2025-02-22,Line 3,M302,Product B,1087,921,70,144,5.6
2025-02-22,Line 4,M401,Product D,960,995,67,146,5.57
2025-02-22,Line 4,M402,Product C,1079,923,42,166,5.23
2025-02-23,Line 1,M101,Product D,898,931,44,152,5.47
2025-02-23,Line 1,M102,Product C,915,944,47,83,6.62
2025-02-23,Line 2,M201,Product B,1153,1108,51,132,5.8
2025-02-23,Line 2,M202,Product C,1086,1118,46,83,6.62
2025-02-23,Line 3,M301,Product A,1093,1041,58,111,6.15
2025-02-23,Line 3,M302,Product C,1195,1184,48,20,7.67
2025-02-23,Line 4,M401,Product C,1165,901,65,177,5.05
2025-02-23,Line 4,M402,Product C,1182,1056,35,147,5.55
2025-02-24,Line 1,M101,Product C,1087,1042,27,37,7.38
2025-02-24,Line 1,M102,Product B,924,707,40,67,6.88
2025-02-24,Line 2,M201,Product B,826,644,27,130,5.83
2025-02-24,Line 2,M202,Product A,1148,1126,11,150,5.5
2025-02-24,Line 3,M301,Product B,1008,953,69,132,5.8
2025-02-24,Line 3,M302,Product B,1187,1233,53,83,6.62
2025-02-24,Line 4,M401,Product A,1193,926,38,146,5.57
2025-02-24,Line 4,M402,Product A,889,778,60,55,7.08
2025-02-25,Line 1,M101,Product A,1003,989,32,84,6.6
2025-02-25,Line 1,M102,Product A,804,674,44,37,7.38
2025-02-25,Line 2,M201,Product C,945,837,49,149,5.52
2025-02-25,Line 2,M202,Product D,868,872,37,79,6.68
2025-02-25,Line 3,M301,Product B,857,727,53,127,5.88
2025-02-25,Line 3,M302,Product C,1167,940,52,85,6.58
2025-02-25,Line 4,M401,Product B,889,829,48,113,6.12
2025-02-25,Line 4,M402,Product D,1063,901,60,34,7.43
2025-02-26,Line 1,M101,Product B,871,778,22,11,7.82
2025-02-26,Line 1,M102,Product C,996,817,56,78,6.7
2025-02-26,Line 2,M201,Product C,954,882,44,12,7.8
2025-02-26,Line 2,M202,Product C,1134,972,39,25,7.58
2025-02-26,Line 3,M301,Product A,1038,874,33,138,5.7
2025-02-26,Line 3,M302,Product C,1153,905,46,104,6.27
2025-02-26,Line 4,M401,Product B,912,945,70,49,7.18
2025-02-26,Line 4,M402,Product D,1182,1237,59,116,6.07
2025-02-27,Line 1,M101,Product D,1187,1081,37,73,6.78
2025-02-27,Line 1,M102,Product A,1069,945,55,29,7.52
2025-02-27,Line 2,M201,Product A,831,829,65,139,5.68
2025-02-27,Line 2,M202,Product B,1093,995,30,93,6.45
2025-02-27,Line 3,M301,Product D,859,819,53,159,5.35
2025-02-27,Line 3,M302,Product D,846,862,36,24,7.6
2025-02-27,Line 4,M401,Product D,867,783,36,154,5.43
2025-02-27,Line 4,M402,Product A,1086,965,48,15,7.75
2025-02-28,Line 1,M101,Product D,930,925,36,158,5.37
2025-02-28,Line 1,M102,Product A,823,721,51,26,7.57
2025-02-28,Line 2,M201,Product A,835,873,38,18,7.7
2025-02-28,Line 2,M202,Product C,1009,811,16,174,5.1
2025-02-28,Line 3,M301,Product D,991,1038,58,124,5.93
2025-02-28,Line 3,M302,Product D,992,767,49,148,5.53
2025-02-28,Line 4,M401,Product B,1134,1143,26,55,7.08
2025-02-28,Line 4,M402,Product D,1070,843,22,10,7.83
2025-03-01,Line 1,M101,Product A,952,846,54,149,5.52
2025-03-01,Line 1,M102,Product D,1072,925,38,73,6.78
2025-03-01,Line 2,M201,Product D,977,778,19,38,7.37
2025-03-01,Line 2,M202,Product A,1138,996,11,71,6.82
2025-03-01,Line 3,M301,Product B,834,650,8,124,5.93
2025-03-01,Line 3,M302,Product A,925,899,59,122,5.97
2025-03-01,Line 4,M401,Product B,1076,877,63,24,7.6
2025-03-01,Line 4,M402,Product B,1057,1107,40,157,5.38
2025-03-02,Line 1,M101,Product C,1095,1017,51,70,6.83
2025-03-02,Line 1,M102,Product C,873,912,37,115,6.08
2025-03-02,Line 2,M201,Product C,940,722,44,54,7.1
2025-03-02,Line 2,M202,Product D,1084,974,53,174,5.1
2025-03-02,Line 3,M301,Product D,1068,903,62,114,6.1
2025-03-02,Line 3,M302,Product B,953,822,56,147,5.55
2025-03-02,Line 4,M401,Product D,923,927,47,46,7.23
2025-03-02,Line 4,M402,Product D,829,761,33,152,5.47
2025-03-03,Line 1,M101,Product B,998,821,21,94,6.43
2025-03-03,Line 1,M102,Product A,1030,1034,21,147,5.55
2025-03-03,Line 2,M201,Product B,826,686,49,164,5.27
2025-03-03,Line 2,M202,Product A,837,674,43,153,5.45
2025-03-03,Line 3,M301,Product B,1045,849,66,95,6.42
2025-03-03,Line 3,M302,Product C,807,656,18,40,7.33
2025-03-03,Line 4,M401,Product D,924,885,53,62,6.97
2025-03-03,Line 4,M402,Product D,922,844,57,82,6.63
2025-03-04,Line 1,M101,Product D,1038,944,54,88,6.53
2025-03-04,Line 1,M102,Product C,984,889,71,129,5.85
2025-03-04,Line 2,M201,Product A,1169,1041,50,62,6.97
2025-03-04,Line 2,M202,Product C,960,839,44,66,6.9
2025-03-04,Line 3,M301,Product B,808,669,43,158,5.37
2025-03-04,Line 3,M302,Product D,951,756,28,68,6.87
2025-03-04,Line 4,M401,Product D,1091,1091,73,150,5.5
2025-03-04,Line 4,M402,Product C,931,911,71,174,5.1
2025-03-05,Line 1,M101,Product D,1035,828,58,100,6.33
2025-03-05,Line 1,M102,Product B,871,841,39,57,7.05
2025-03-05,Line 2,M201,Product A,1068,811,62,29,7.52
2025-03-05,Line 2,M202,Product A,1191,895,25,171,5.15
2025-03-05,Line 3,M301,Product B,834,802,8,65,6.92
2025-03-05,Line 3,M302,Product D,991,761,47,180,5.0
2025-03-05,Line 4,M401,Product D,1137,1019,10,146,5.57
2025-03-05,Line 4,M402,Product D,806,608,23,147,5.55
2025-03-06,Line 1,M101,Product C,808,727,51,120,6.0
2025-03-06,Line 1,M102,Product B,854,875,41,48,7.2
2025-03-06,Line 2,M201,Product B,898,840,24,100,6.33
2025-03-06,Line 2,M202,Product C,1003,776,32,127,5.88
2025-03-06,Line 3,M301,Product B,1156,945,19,177,5.05
2025-03-06,Line 3,M302,Product A,847,738,31,151,5.48
2025-03-06,Line 4,M401,Product D,828,779,51,53,7.12
2025-03-06,Line 4,M402,Product A,1055,1058,52,154,5.43
2025-03-07,Line 1,M101,Product A,1070,1097,39,64,6.93
2025-03-07,Line 1,M102,Product D,938,716,11,81,6.65
2025-03-07,Line 2,M201,Product A,891,916,49,14,7.77
2025-03-07,Line 2,M202,Product B,1100,872,60,111,6.15
2025-03-07,Line 3,M301,Product A,953,761,22,155,5.42
2025-03-07,Line 3,M302,Product D,1146,1167,53,108,6.2
2025-03-07,Line 4,M401,Product B,1152,1114,75,98,6.37
2025-03-07,Line 4,M402,Product A,850,748,11,97,6.38
2025-03-08,Line 1,M101,Product D,1196,1014,44,125,5.92
2025-03-08,Line 1,M102,Product D,916,784,31,120,6.0
2025-03-08,Line 2,M201,Product B,1148,1062,58,31,7.48
2025-03-08,Line 2,M202,Product C,926,892,18,78,6.7
2025-03-08,Line 3,M301,Product B,994,957,28,109,6.18
2025-03-08,Line 3,M302,Product C,984,769,7,88,6.53
2025-03-08,Line 4,M401,Product D,984,962,22,43,7.28
2025-03-08,Line 4,M402,Product A,895,786,42,152,5.47
2025-03-09,Line 1,M101,Product D,852,645,28,151,5.48
2025-03-09,Line 1,M102,Product A,1105,1027,51,108,6.2
2025-03-09,Line 2,M201,Product A,949,829,57,31,7.48
2025-03-09,Line 2,M202,Product B,1092,989,57,53,7.12
2025-03-09,Line 3,M301,Product B,937,787,38,47,7.22
2025-03-09,Line 3,M302,Product A,885,779,33,86,6.57
2025-03-09,Line 4,M401,Product D,1200,927,41,73,6.78
2025-03-09,Line 4,M402,Product D,1104,1032,68,37,7.38
2025-03-10,Line 1,M101,Product B,955,718,32,95,6.42
2025-03-10,Line 1,M102,Product D,968,853,35,176,5.07
2025-03-10,Line 2,M201,Product B,953,806,52,61,6.98
2025-03-10,Line 2,M202,Product D,960,771,32,91,6.48
2025-03-10,Line 3,M301,Product C,1176,1127,73,157,5.38
2025-03-10,Line 3,M302,Product B,966,833,60,110,6.17
2025-03-10,Line 4,M401,Product C,858,883,20,161,5.32
2025-03-10,Line 4,M402,Product B,1149,1126,14,128,5.87
2025-03-11,Line 1,M101,Product B,1024,1013,18,114,6.1
2025-03-11,Line 1,M102,Product D,871,818,23,74,6.77
2025-03-11,Line 2,M201,Product B,1166,1022,58,28,7.53
2025-03-11,Line 2,M202,Product D,1106,988,60,146,5.57
2025-03-11,Line 3,M301,Product D,1078,820,31,147,5.55
2025-03-11,Line 3,M302,Product A,855,838,50,180,5.0
2025-03-11,Line 4,M401,Product C,885,835,10,154,5.43
2025-03-11,Line 4,M402,Product D,1185,1006,65,37,7.38
2025-03-12,Line 1,M101,Product A,850,703,39,142,5.63
2025-03-12,Line 1,M102,Product B,1028,886,37,160,5.33
2025-03-12,Line 2,M201,Product B,976,1024,71,36,7.4
2025-03-12,Line 2,M202,Product C,1012,1038,20,39,7.35
2025-03-12,Line 3,M301,Product B,978,825,37,62,6.97
2025-03-12,Line 3,M302,Product D,978,873,36,125,5.92
2025-03-12,Line 4,M401,Product C,834,700,52,39,7.35
2025-03-12,Line 4,M402,Product A,975,920,30,72,6.8
2025-03-13,Line 1,M101,Product B,1082,863,43,119,6.02
2025-03-13,Line 1,M102,Product D,918,908,32,57,7.05
2025-03-13,Line 2,M201,Product D,1002,760,46,60,7.0
2025-03-13,Line 2,M202,Product D,1103,969,9,64,6.93
2025-03-13,Line 3,M301,Product B,942,919,17,157,5.38
2025-03-13,Line 3,M302,Product A,1074,865,28,60,7.0
2025-03-13,Line 4,M401,Product D,858,711,38,145,5.58
2025-03-13,Line 4,M402,Product C,1105,957,59,160,5.33
2025-03-14,Line 1,M101,Product A,978,836,37,168,5.2
2025-03-14,Line 1,M102,Product B,1144,1100,49,167,5.22
2025-03-14,Line 2,M201,Product A,1144,903,24,71,6.82
2025-03-14,Line 2,M202,Product C,859,691,50,46,7.23
2025-03-14,Line 3,M301,Product D,1014,941,58,118,6.03
2025-03-14,Line 3,M302,Product B,1049,986,31,152,5.47
2025-03-14,Line 4,M401,Product B,1050,878,19,90,6.5
2025-03-14,Line 4,M402,Product D,1117,855,30,12,7.8
2025-03-15,Line 1,M101,Product D,869,702,31,153,5.45
2025-03-15,Line 1,M102,Product D,1009,964,62,123,5.95
2025-03-15,Line 2,M201,Product D,885,685,7,66,6.9
2025-03-15,Line 2,M202,Product C,816,679,40,83,6.62
2025-03-15,Line 3,M301,Product B,1199,1063,73,150,5.5
2025-03-15,Line 3,M302,Product A,1093,857,57,149,5.52
2025-03-15,Line 4,M401,Product C,1077,1073,15,122,5.97
2025-03-15,Line 4,M402,Product B,1017,793,60,177,5.05
2025-03-16,Line 1,M101,Product B,952,963,13,125,5.92
2025-03-16,Line 1,M102,Product C,978,986,20,122,5.97
2025-03-16,Line 2,M201,Product A,1197,1189,37,160,5.33
2025-03-16,Line 2,M202,Product C,1163,1085,64,52,7.13
2025-03-16,Line 3,M301,Product B,905,899,15,155,5.42
2025-03-16,Line 3,M302,Product C,1072,894,29,92,6.47
2025-03-16,Line 4,M401,Product C,948,873,68,141,5.65
2025-03-16,Line 4,M402,Product A,869,902,61,25,7.58
2025-03-17,Line 1,M101,Product C,1135,894,24,73,6.78
2025-03-17,Line 1,M102,Product B,1164,985,40,110,6.17
2025-03-17,Line 2,M201,Product D,872,805,25,170,5.17
2025-03-17,Line 2,M202,Product D,992,878,48,33,7.45
2025-03-17,Line 3,M301,Product D,1063,1036,57,126,5.9
2025-03-17,Line 3,M302,Product D,967,894,19,127,5.88
2025-03-17,Line 4,M401,Product C,832,822,33,65,6.92
2025-03-17,Line 4,M402,Product D,908,815,28,82,6.63
2025-03-18,Line 1,M101,Product C,1080,997,71,97,6.38
2025-03-18,Line 1,M102,Product A,823,641,35,14,7.77
2025-03-18,Line 2,M201,Product A,880,776,7,119,6.02
2025-03-18,Line 2,M202,Product B,1152,1178,94,87,6.55
2025-03-18,Line 3,M301,Product B,940,731,30,74,6.77
2025-03-18,Line 3,M302,Product A,990,939,30,23,7.62
2025-03-18,Line 4,M401,Product D,1120,942,38,119,6.02
2025-03-18,Line 4,M402,Product A,1160,903,36,132,5.8
2025-03-19,Line 1,M101,Product A,867,804,41,123,5.95
2025-03-19,Line 1,M102,Product A,804,770,59,40,7.33
2025-03-19,Line 2,M201,Product D,1155,912,18,68,6.87
2025-03-19,Line 2,M202,Product D,845,818,14,36,7.4
2025-03-19,Line 3,M301,Product C,988,1002,27,107,6.22
2025-03-19,Line 3,M302,Product B,1128,1182,29,27,7.55
2025-03-19,Line 4,M401,Product A,1112,1050,66,99,6.35
2025-03-19,Line 4,M402,Product B,1121,1092,62,167,5.22
2025-03-20,Line 1,M101,Product D,911,706,13,45,7.25
2025-03-20,Line 1,M102,Product A,1101,1066,54,119,6.02
2025-03-20,Line 2,M201,Product C,871,717,48,31,7.48
2025-03-20,Line 2,M202,Product B,1083,1007,46,16,7.73
2025-03-20,Line 3,M301,Product C,905,819,40,58,7.03
2025-03-20,Line 3,M302,Product D,951,897,38,136,5.73
2025-03-20,Line 4,M401,Product D,857,704,47,162,5.3
2025-03-20,Line 4,M402,Product A,1070,1087,11,102,6.3
2025-03-21,Line 1,M101,Product C,867,750,60,155,5.42
2025-03-21,Line 1,M102,Product D,987,902,31,130,5.83
2025-03-21,Line 2,M201,Product A,808,748,7,77,6.72
2025-03-21,Line 2,M202,Product B,820,841,58,111,6.15
2025-03-21,Line 3,M301,Product C,1121,1080,63,118,6.03
2025-03-21,Line 3,M302,Product D,842,793,41,167,5.22
2025-03-21,Line 4,M401,Product B,942,730,12,140,5.67
2025-03-21,Line 4,M402,Product B,879,800,33,160,5.33
2025-03-22,Line 1,M101,Product A,958,919,39,24,7.6
2025-03-22,Line 1,M102,Product B,844,867,15,126,5.9
2025-03-22,Line 2,M201,Product A,958,909,31,40,7.33
2025-03-22,Line 2,M202,Product A,1162,919,10,51,7.15
2025-03-22,Line 3,M301,Product D,977,886,58,76,6.73
2025-03-22,Line 3,M302,Product B,990,780,56,78,6.7
2025-03-22,Line 4,M401,Product A,1194,1217,54,119,6.02
2025-03-22,Line 4,M402,Product C,1068,821,53,157,5.38
2025-03-23,Line 1,M101,Product A,1054,934,55,24,7.6
2025-03-23,Line 1,M102,Product D,1090,872,18,75,6.75
2025-03-23,Line 2,M201,Product A,1093,1040,24,68,6.87
2025-03-23,Line 2,M202,Product A,822,828,8,72,6.8
2025-03-23,Line 3,M301,Product A,1041,894,27,55,7.08
2025-03-23,Line 3,M302,Product A,1083,1073,63,67,6.88
2025-03-23,Line 4,M401,Product C,927,811,54,91,6.48
2025-03-23,Line 4,M402,Product C,839,773,14,138,5.7
2025-03-24,Line 1,M101,Product A,891,727,40,21,7.65
2025-03-24,Line 1,M102,Product D,835,845,63,82,6.63
2025-03-24,Line 2,M201,Product C,967,750,36,12,7.8
2025-03-24,Line 2,M202,Product C,902,755,57,87,6.55
2025-03-24,Line 3,M301,Product B,1037,892,71,60,7.0
2025-03-24,Line 3,M302,Product B,877,659,32,16,7.73
2025-03-24,Line 4,M401,Product B,1077,919,10,95,6.42
2025-03-24,Line 4,M402,Product A,1188,1125,50,36,7.4
2025-03-25,Line 1,M101,Product B,1071,1119,64,135,5.75
2025-03-25,Line 1,M102,Product A,872,840,13,21,7.65
2025-03-25,Line 2,M201,Product B,1066,931,56,127,5.88
2025-03-25,Line 2,M202,Product A,1097,854,16,173,5.12
2025-03-25,Line 3,M301,Product D,838,777,10,121,5.98
2025-03-25,Line 3,M302,Product B,921,771,61,90,6.5
2025-03-25,Line 4,M401,Product D,1158,1157,52,91,6.48
2025-03-25,Line 4,M402,Product D,939,770,19,44,7.27
2025-03-26,Line 1,M101,Product A,879,687,34,129,5.85
2025-03-26,Line 1,M102,Product C,1008,792,29,63,6.95
2025-03-26,Line 2,M201,Product D,957,850,62,40,7.33
2025-03-26,Line 2,M202,Product A,880,873,27,164,5.27
2025-03-26,Line 3,M301,Product A,910,910,50,47,7.22
2025-03-26,Line 3,M302,Product A,1164,959,54,111,6.15
2025-03-26,Line 4,M401,Product A,1146,962,31,17,7.72
2025-03-26,Line 4,M402,Product D,1031,945,40,34,7.43
2025-03-27,Line 1,M101,Product D,852,844,16,41,7.32
2025-03-27,Line 1,M102,Product A,831,830,22,43,7.28
2025-03-27,Line 2,M201,Product B,1005,865,48,175,5.08
2025-03-27,Line 2,M202,Product A,1098,1016,19,15,7.75
2025-03-27,Line 3,M301,Product A,901,919,65,42,7.3
2025-03-27,Line 3,M302,Product A,969,762,36,22,7.63
2025-03-27,Line 4,M401,Product B,1093,961,59,137,5.72
2025-03-27,Line 4,M402,Product A,995,950,31,100,6.33
2025-03-28,Line 1,M101,Product B,895,745,35,48,7.2
2025-03-28,Line 1,M102,Product A,1114,1042,41,175,5.08
2025-03-28,Line 2,M201,Product C,1055,921,70,25,7.58
2025-03-28,Line 2,M202,Product A,943,815,34,61,6.98
2025-03-28,Line 3,M301,Product B,1122,1176,80,14,7.77
2025-03-28,Line 3,M302,Product D,1200,1156,72,149,5.52
2025-03-28,Line 4,M401,Product D,976,999,73,92,6.47
2025-03-28,Line 4,M402,Product D,938,754,27,162,5.3
2025-03-29,Line 1,M101,Product B,815,830,57,81,6.65
2025-03-29,Line 1,M102,Product A,1041,946,38,50,7.17
2025-03-29,Line 2,M201,Product A,926,876,25,146,5.57
2025-03-29,Line 2,M202,Product A,1191,1249,40,157,5.38
2025-03-29,Line 3,M301,Product D,981,1010,32,55,7.08
2025-03-29,Line 3,M302,Product B,1103,932,54,161,5.32
2025-03-29,Line 4,M401,Product A,1160,1113,83,154,5.43
2025-03-29,Line 4,M402,Product B,1088,1125,74,148,5.53
2025-03-30,Line 1,M101,Product C,889,797,12,24,7.6
2025-03-30,Line 1,M102,Product B,1108,903,70,10,7.83
2025-03-30,Line 2,M201,Product C,1114,902,25,97,6.38
2025-03-30,Line 2,M202,Product B,965,740,16,160,5.33
2025-03-30,Line 3,M301,Product B,1196,936,55,28,7.53
2025-03-30,Line 3,M302,Product C,1160,1197,61,160,5.33
2025-03-30,Line 4,M401,Product A,972,816,16,50,7.17
2025-03-30,Line 4,M402,Product D,1127,1170,51,54,7.1
2025-03-31,Line 1,M101,Product C,914,867,60,54,7.1
2025-03-31,Line 1,M102,Product D,957,928,46,42,7.3
2025-03-31,Line 2,M201,Product B,1173,880,52,156,5.4
2025-03-31,Line 2,M202,Product D,1194,1241,16,56,7.07
2025-03-31,Line 3,M301,Product C,1113,908,22,137,5.72
2025-03-31,Line 3,M302,Product B,969,943,39,98,6.37
2025-03-31,Line 4,M401,Product C,885,832,13,173,5.12
2025-03-31,Line 4,M402,Product C,1028,774,20,73,6.78
2025-04-01,Line 1,M101,Product A,979,809,14,10,7.83
2025-04-01,Line 1,M102,Product A,997,878,34,52,7.13
2025-04-01,Line 2,M201,Product D,1052,1067,54,149,5.52
2025-04-01,Line 2,M202,Product D,851,849,58,157,5.38
2025-04-01,Line 3,M301,Product B,883,781,58,18,7.7
2025-04-01,Line 3,M302,Product C,810,684,12,28,7.53
2025-04-01,Line 4,M401,Product C,887,901,29,29,7.52
2025-04-01,Line 4,M402,Product A,973,903,70,17,7.72
2025-04-02,Line 1,M101,Product D,1134,906,64,50,7.17
2025-04-02,Line 1,M102,Product A,851,722,19,114,6.1
2025-04-02,Line 2,M201,Product C,1138,949,39,34,7.43
2025-04-02,Line 2,M202,Product A,1001,922,71,49,7.18
2025-04-02,Line 3,M301,Product A,984,739,12,85,6.58
2025-04-02,Line 3,M302,Product D,902,702,20,53,7.12
2025-04-02,Line 4,M401,Product C,841,750,14,88,6.53
2025-04-02,Line 4,M402,Product D,1041,933,42,33,7.45
2025-04-03,Line 1,M101,Product D,894,770,31,104,6.27
2025-04-03,Line 1,M102,Product B,1028,784,35,129,5.85
2025-04-03,Line 2,M201,Product C,915,916,16,48,7.2
2025-04-03,Line 2,M202,Product A,843,801,59,148,5.53
2025-04-03,Line 3,M301,Product D,1187,1100,81,25,7.58
2025-04-03,Line 3,M302,Product D,1067,934,69,156,5.4
2025-04-03,Line 4,M401,Product B,1043,875,33,18,7.7
2025-04-03,Line 4,M402,Product B,861,890,65,54,7.1
2025-04-04,Line 1,M101,Product B,908,901,25,20,7.67
2025-04-04,Line 1,M102,Product D,840,879,35,61,6.98
2025-04-04,Line 2,M201,Product B,1104,913,17,32,7.47
2025-04-04,Line 2,M202,Product D,1084,942,50,80,6.67
2025-04-04,Line 3,M301,Product D,806,794,46,160,5.33
2025-04-04,Line 3,M302,Product D,857,749,16,155,5.42
2025-04-04,Line 4,M401,Product A,854,784,13,83,6.62
2025-04-04,Line 4,M402,Product C,1010,837,49,134,5.77
2025-04-05,Line 1,M101,Product D,819,656,31,46,7.23
2025-04-05,Line 1,M102,Product D,819,711,28,70,6.83
2025-04-05,Line 2,M201,Product A,1181,1054,44,105,6.25
2025-04-05,Line 2,M202,Product A,972,967,47,89,6.52
2025-04-05,Line 3,M301,Product C,1051,1058,22,68,6.87
2025-04-05,Line 3,M302,Product B,953,993,65,92,6.47
2025-04-05,Line 4,M401,Product C,1173,1026,21,58,7.03
2025-04-05,Line 4,M402,Product D,908,929,61,134,5.77
2025-04-06,Line 1,M101,Product C,828,748,17,26,7.57
2025-04-06,Line 1,M102,Product C,1163,1049,27,144,5.6
2025-04-06,Line 2,M201,Product A,888,717,19,24,7.6
2025-04-06,Line 2,M202,Product B,816,723,30,60,7.0
2025-04-06,Line 3,M301,Product C,988,985,73,111,6.15
2025-04-06,Line 3,M302,Product A,1148,871,31,135,5.75
2025-04-06,Line 4,M401,Product D,890,923,69,160,5.33
2025-04-06,Line 4,M402,Product C,976,779,23,33,7.45
2025-04-07,Line 1,M101,Product C,814,704,17,156,5.4
2025-04-07,Line 1,M102,Product B,913,862,51,62,6.97
2025-04-07,Line 2,M201,Product C,1133,988,11,12,7.8
2025-04-07,Line 2,M202,Product D,867,818,46,12,7.8
2025-04-07,Line 3,M301,Product B,929,866,68,88,6.53
2025-04-07,Line 3,M302,Product C,1016,1034,54,127,5.88
2025-04-07,Line 4,M401,Product C,911,810,51,143,5.62
2025-04-07,Line 4,M402,Product D,1099,857,40,179,5.02
2025-04-08,Line 1,M101,Product C,1087,1026,46,86,6.57
2025-04-08,Line 1,M102,Product A,1046,804,25,173,5.12
2025-04-08,Line 2,M201,Product C,941,779,52,176,5.07
2025-04-08,Line 2,M202,Product C,896,712,55,71,6.82
2025-04-08,Line 3,M301,Product A,1107,964,49,45,7.25
2025-04-08,Line 3,M302,Product A,1135,1020,47,76,6.73
2025-04-08,Line 4,M401,Product D,1007,872,10,159,5.35
2025-04-08,Line 4,M402,Product B,975,943,37,146,5.57
2025-04-09,Line 1,M101,Product D,1143,980,47,53,7.12
2025-04-09,Line 1,M102,Product B,950,740,15,76,6.73
2025-04-09,Line 2,M201,Product B,1148,1170,22,66,6.9
2025-04-09,Line 2,M202,Product C,914,889,47,117,6.05
2025-04-09,Line 3,M301,Product C,990,819,26,128,5.87
2025-04-09,Line 3,M302,Product A,1040,796,47,159,5.35
2025-04-09,Line 4,M401,Product A,1041,1058,74,40,7.33
2025-04-09,Line 4,M402,Product D,1071,899,14,48,7.2
2025-04-10,Line 1,M101,Product B,902,769,43,127,5.88
2025-04-10,Line 1,M102,Product B,961,969,32,30,7.5
2025-04-10,Line 2,M201,Product D,970,911,31,90,6.5
2025-04-10,Line 2,M202,Product A,802,710,20,53,7.12
2025-04-10,Line 3,M301,Product B,1050,1034,21,43,7.28
2025-04-10,Line 3,M302,Product D,1124,987,63,132,5.8
2025-04-10,Line 4,M401,Product D,802,610,18,105,6.25
2025-04-10,Line 4,M402,Product A,964,941,33,14,7.77
2025-04-11,Line 1,M101,Product A,1120,1086,38,98,6.37
2025-04-11,Line 1,M102,Product C,866,676,38,160,5.33
2025-04-11,Line 2,M201,Product C,885,681,8,86,6.57
2025-04-11,Line 2,M202,Product C,1033,1000,77,96,6.4
2025-04-11,Line 3,M301,Product D,1151,1206,55,135,5.75
2025-04-11,Line 3,M302,Product C,1184,954,60,14,7.77
2025-04-11,Line 4,M401,Product B,914,884,16,64,6.93
2025-04-11,Line 4,M402,Product A,1101,992,24,103,6.28
2025-04-12,Line 1,M101,Product A,992,1004,42,146,5.57
2025-04-12,Line 1,M102,Product A,1104,1157,24,177,5.05
2025-04-12,Line 2,M201,Product A,824,788,33,123,5.95
2025-04-12,Line 2,M202,Product D,863,788,37,49,7.18
2025-04-12,Line 3,M301,Product B,1155,1103,12,87,6.55
2025-04-12,Line 3,M302,Product D,1138,887,41,79,6.68
2025-04-12,Line 4,M401,Product B,1014,1013,23,140,5.67
2025-04-12,Line 4,M402,Product A,944,740,13,137,5.72
2025-04-13,Line 1,M101,Product B,1111,899,41,143,5.62
2025-04-13,Line 1,M102,Product B,983,944,46,51,7.15
2025-04-13,Line 2,M201,Product A,1080,970,35,133,5.78
2025-04-13,Line 2,M202,Product C,920,690,48,32,7.47
2025-04-13,Line 3,M301,Product A,1093,1039,29,33,7.45
2025-04-13,Line 3,M302,Product A,1170,1131,43,174,5.1
2025-04-13,Line 4,M401,Product B,1033,1081,47,77,6.72
2025-04-13,Line 4,M402,Product D,825,643,17,20,7.67
2025-04-14,Line 1,M101,Product C,984,974,49,119,6.02
2025-04-14,Line 1,M102,Product A,848,852,64,21,7.65
2025-04-14,Line 2,M201,Product A,870,825,18,94,6.43
2025-04-14,Line 2,M202,Product C,1024,1061,44,33,7.45
2025-04-14,Line 3,M301,Product C,975,784,32,112,6.13
2025-04-14,Line 3,M302,Product D,939,939,70,117,6.05
2025-04-14,Line 4,M401,Product B,857,676,52,25,7.58
2025-04-14,Line 4,M402,Product B,853,746,44,133,5.78
2025-04-15,Line 1,M101,Product D,892,832,57,101,6.32
2025-04-15,Line 1,M102,Product A,1150,1166,27,133,5.78
2025-04-15,Line 2,M201,Product D,857,870,36,21,7.65
2025-04-15,Line 2,M202,Product A,933,883,8,144,5.6
2025-04-15,Line 3,M301,Product B,1142,1155,77,143,5.62
2025-04-15,Line 3,M302,Product A,1021,968,40,133,5.78
2025-04-15,Line 4,M401,Product C,1139,1085,59,48,7.2
2025-04-15,Line 4,M402,Product A,805,759,17,139,5.68
2025-04-16,Line 1,M101,Product D,1053,1064,19,135,5.75
2025-04-16,Line 1,M102,Product C,923,783,24,22,7.63
2025-04-16,Line 2,M201,Product B,1081,1019,61,70,6.83
2025-04-16,Line 2,M202,Product A,1035,914,66,32,7.47
2025-04-16,Line 3,M301,Product D,1028,868,39,177,5.05
2025-04-16,Line 3,M302,Product A,852,742,9,152,5.47
2025-04-16,Line 4,M401,Product A,846,835,47,173,5.12
2025-04-16,Line 4,M402,Product C,1060,973,67,97,6.38
2025-04-17,Line 1,M101,Product C,827,822,62,126,5.9
2025-04-17,Line 1,M102,Product C,1086,1064,70,178,5.03
2025-04-17,Line 2,M201,Product C,1166,1032,22,178,5.03
2025-04-17,Line 2,M202,Product B,801,682,46,84,6.6
2025-04-17,Line 3,M301,Product C,1159,906,30,136,5.73
2025-04-17,Line 3,M302,Product B,1167,1135,63,37,7.38
2025-04-17,Line 4,M401,Product C,1112,899,23,110,6.17
2025-04-17,Line 4,M402,Product B,1034,1031,34,96,6.4
2025-04-18,Line 1,M101,Product A,1187,1037,25,125,5.92
2025-04-18,Line 1,M102,Product D,1137,1053,74,44,7.27
2025-04-18,Line 2,M201,Product D,802,729,10,151,5.48
2025-04-18,Line 2,M202,Product D,1099,983,74,55,7.08
2025-04-18,Line 3,M301,Product B,1174,1167,24,109,6.18
2025-04-18,Line 3,M302,Product C,1058,1073,63,165,5.25
2025-04-18,Line 4,M401,Product B,940,817,29,85,6.58
2025-04-18,Line 4,M402,Product D,868,686,44,141,5.65
2025-04-19,Line 1,M101,Product C,1159,1059,50,151,5.48
2025-04-19,Line 1,M102,Product B,902,733,52,84,6.6
2025-04-19,Line 2,M201,Product C,1144,903,31,138,5.7
2025-04-19,Line 2,M202,Product C,1163,912,54,153,5.45
2025-04-19,Line 3,M301,Product D,1098,1011,63,146,5.57
2025-04-19,Line 3,M302,Product C,1016,1008,76,37,7.38
2025-04-19,Line 4,M401,Product A,995,789,49,24,7.6
2025-04-19,Line 4,M402,Product B,936,912,29,83,6.62
2025-04-20,Line 1,M101,Product C,874,875,52,85,6.58
2025-04-20,Line 1,M102,Product B,1185,1081,55,125,5.92
2025-04-20,Line 2,M201,Product A,1115,1126,82,67,6.88
2025-04-20,Line 2,M202,Product D,921,831,58,83,6.62
2025-04-20,Line 3,M301,Product A,995,861,58,90,6.5
2025-04-20,Line 3,M302,Product A,806,784,19,168,5.2
2025-04-20,Line 4,M401,Product D,915,936,56,160,5.33
2025-04-20,Line 4,M402,Product B,1197,1158,35,85,6.58
2025-04-21,Line 1,M101,Product D,890,930,18,57,7.05
2025-04-21,Line 1,M102,Product B,1176,1063,58,20,7.67
2025-04-21,Line 2,M201,Product D,942,863,16,51,7.15
2025-04-21,Line 2,M202,Product C,802,681,51,49,7.18
2025-04-21,Line 3,M301,Product A,878,903,15,170,5.17
2025-04-21,Line 3,M302,Product C,1051,1037,80,101,6.32
2025-04-21,Line 4,M401,Product A,1162,982,37,57,7.05
2025-04-21,Line 4,M402,Product A,1058,844,42,147,5.55
2025-04-22,Line 1,M101,Product D,847,724,20,179,5.02
2025-04-22,Line 1,M102,Product C,969,831,21,168,5.2
2025-04-22,Line 2,M201,Product D,1087,1083,11,39,7.35
2025-04-22,Line 2,M202,Product C,1028,845,49,167,5.22
2025-04-22,Line 3,M301,Product B,820,782,27,107,6.22
2025-04-22,Line 3,M302,Product A,997,824,54,82,6.63
2025-04-22,Line 4,M401,Product A,1064,1060,57,141,5.65
2025-04-22,Line 4,M402,Product D,1049,800,49,59,7.02
2025-04-23,Line 1,M101,Product C,1063,823,14,52,7.13
2025-04-23,Line 1,M102,Product A,1120,861,50,171,5.15
2025-04-23,Line 2,M201,Product B,1150,1008,23,62,6.97
2025-04-23,Line 2,M202,Product D,1131,1125,20,49,7.18
2025-04-23,Line 3,M301,Product A,1035,998,13,32,7.47
2025-04-23,Line 3,M302,Product A,827,664,22,152,5.47
2025-04-23,Line 4,M401,Product A,1094,1090,43,114,6.1
2025-04-23,Line 4,M402,Product D,1030,967,64,90,6.5
2025-04-24,Line 1,M101,Product A,999,951,9,174,5.1
2025-04-24,Line 1,M102,Product A,1187,1155,16,28,7.53
2025-04-24,Line 2,M201,Product C,1057,826,58,87,6.55
2025-04-24,Line 2,M202,Product A,944,924,65,107,6.22
2025-04-24,Line 3,M301,Product D,1138,864,18,146,5.57
2025-04-24,Line 3,M302,Product B,869,846,58,149,5.52
2025-04-24,Line 4,M401,Product C,1124,891,55,12,7.8
2025-04-24,Line 4,M402,Product B,863,658,42,162,5.3
2025-04-25,Line 1,M101,Product D,1075,982,19,88,6.53
2025-04-25,Line 1,M102,Product B,1183,1150,55,64,6.93
2025-04-25,Line 2,M201,Product D,1130,1136,29,51,7.15
2025-04-25,Line 2,M202,Product B,913,853,24,59,7.02
2025-04-25,Line 3,M301,Product A,892,848,44,23,7.62
2025-04-25,Line 3,M302,Product D,1130,1033,47,27,7.55
2025-04-25,Line 4,M401,Product C,850,687,43,134,5.77
2025-04-25,Line 4,M402,Product C,982,774,48,70,6.83
2025-04-26,Line 1,M101,Product A,945,884,65,59,7.02
2025-04-26,Line 1,M102,Product C,1048,927,48,159,5.35
2025-04-26,Line 2,M201,Product B,1089,1001,50,119,6.02
2025-04-26,Line 2,M202,Product B,802,676,20,174,5.1
2025-04-26,Line 3,M301,Product D,941,942,26,94,6.43
2025-04-26,Line 3,M302,Product D,1036,915,48,134,5.77
2025-04-26,Line 4,M401,Product A,889,838,13,81,6.65
2025-04-26,Line 4,M402,Product B,1075,869,54,170,5.17
2025-04-27,Line 1,M101,Product A,1172,905,11,139,5.68
2025-04-27,Line 1,M102,Product A,1097,1013,37,19,7.68
2025-04-27,Line 2,M201,Product C,1078,1097,79,130,5.83
2025-04-27,Line 2,M202,Product B,987,856,65,160,5.33
2025-04-27,Line 3,M301,Product C,868,772,39,33,7.45
2025-04-27,Line 3,M302,Product D,986,888,38,167,5.22
2025-04-27,Line 4,M401,Product B,1187,1073,67,50,7.17
2025-04-27,Line 4,M402,Product B,1089,1126,29,133,5.78
2025-04-28,Line 1,M101,Product C,820,668,37,69,6.85
2025-04-28,Line 1,M102,Product A,935,804,10,62,6.97
2025-04-28,Line 2,M201,Product C,998,889,66,21,7.65
2025-04-28,Line 2,M202,Product A,1132,959,75,172,5.13
2025-04-28,Line 3,M301,Product C,1179,977,78,155,5.42
2025-04-28,Line 3,M302,Product B,992,938,55,160,5.33
2025-04-28,Line 4,M401,Product A,1064,878,70,67,6.88
2025-04-28,Line 4,M402,Product D,980,975,53,134,5.77
2025-04-29,Line 1,M101,Product D,1109,833,64,45,7.25
2025-04-29,Line 1,M102,Product D,884,723,39,174,5.1
2025-04-29,Line 2,M201,Product C,908,721,17,102,6.3
2025-04-29,Line 2,M202,Product A,1138,932,51,39,7.35
2025-04-29,Line 3,M301,Product D,1145,1023,36,161,5.32
2025-04-29,Line 3,M302,Product B,1131,1131,13,72,6.8
2025-04-29,Line 4,M401,Product A,865,797,17,44,7.27
2025-04-29,Line 4,M402,Product A,1093,867,18,76,6.73
2025-04-30,Line 1,M101,Product B,1064,1103,87,154,5.43
2025-04-30,Line 1,M102,Product A,1168,1131,47,31,7.48
2025-04-30,Line 2,M201,Product B,1029,958,69,133,5.78
2025-04-30,Line 2,M202,Product B,912,911,27,159,5.35
2025-04-30,Line 3,M301,Product B,1119,1060,43,52,7.13
2025-04-30,Line 3,M302,Product C,1032,958,17,68,6.87
2025-04-30,Line 4,M401,Product D,997,787,8,61,6.98
2025-04-30,Line 4,M402,Product D,876,816,19,131,5.82
2025-05-01,Line 1,M101,Product A,1072,965,24,33,7.45
2025-05-01,Line 1,M102,Product D,1137,897,8,176,5.07
2025-05-01,Line 2,M201,Product D,1067,934,14,145,5.58
2025-05-01,Line 2,M202,Product D,917,945,70,107,6.22
2025-05-01,Line 3,M301,Product C,1101,1091,83,35,7.42
2025-05-01,Line 3,M302,Product D,868,717,56,69,6.85
2025-05-01,Line 4,M401,Product A,945,878,42,114,6.1
2025-05-01,Line 4,M402,Product C,896,673,53,11,7.82
2025-05-02,Line 1,M101,Product A,1066,801,49,62,6.97
2025-05-02,Line 1,M102,Product C,1009,866,17,119,6.02
2025-05-02,Line 2,M201,Product C,933,939,63,154,5.43
2025-05-02,Line 2,M202,Product C,1113,926,59,62,6.97
2025-05-02,Line 3,M301,Product D,1082,1065,71,55,7.08
2025-05-02,Line 3,M302,Product C,1086,995,41,88,6.53
2025-05-02,Line 4,M401,Product C,1196,1150,28,178,5.03
2025-05-02,Line 4,M402,Product A,1182,967,29,35,7.42
2025-05-03,Line 1,M101,Product B,1060,922,52,150,5.5
2025-05-03,Line 1,M102,Product A,882,764,47,11,7.82
2025-05-03,Line 2,M201,Product A,874,779,45,121,5.98
2025-05-03,Line 2,M202,Product A,832,689,29,30,7.5
2025-05-03,Line 3,M301,Product A,1170,1012,61,167,5.22
2025-05-03,Line 3,M302,Product C,1164,1209,19,54,7.1
2025-05-03,Line 4,M401,Product D,1024,771,61,178,5.03
2025-05-03,Line 4,M402,Product C,899,683,44,140,5.67
2025-05-04,Line 1,M101,Product B,1114,892,12,102,6.3
2025-05-04,Line 1,M102,Product B,1135,851,18,32,7.47
2025-05-04,Line 2,M201,Product C,1199,1042,60,113,6.12
2025-05-04,Line 2,M202,Product B,1065,803,53,27,7.55
2025-05-04,Line 3,M301,Product A,1081,903,53,98,6.37
2025-05-04,Line 3,M302,Product C,915,852,20,126,5.9
2025-05-04,Line 4,M401,Product D,1094,822,19,114,6.1
2025-05-04,Line 4,M402,Product A,1086,838,26,97,6.38
2025-05-05,Line 1,M101,Product A,1062,1101,79,157,5.38
2025-05-05,Line 1,M102,Product C,1155,1019,58,154,5.43
2025-05-05,Line 2,M201,Product D,1194,982,52,127,5.88
2025-05-05,Line 2,M202,Product D,1100,1109,72,39,7.35
2025-05-05,Line 3,M301,Product C,834,721,57,66,6.9
2025-05-05,Line 3,M302,Product B,961,839,30,142,5.63
2025-05-05,Line 4,M401,Product A,1158,1157,42,83,6.62
2025-05-05,Line 4,M402,Product A,1004,955,52,29,7.52
2025-05-06,Line 1,M101,Product B,1043,880,21,156,5.4
2025-05-06,Line 1,M102,Product C,893,923,33,137,5.72
2025-05-06,Line 2,M201,Product B,920,892,41,62,6.97
2025-05-06,Line 2,M202,Product B,903,903,54,49,7.18
2025-05-06,Line 3,M301,Product A,861,883,51,179,5.02
2025-05-06,Line 3,M302,Product D,1114,837,62,148,5.53
2025-05-06,Line 4,M401,Product A,1046,900,49,136,5.73
2025-05-06,Line 4,M402,Product C,1051,845,56,140,5.67
2025-05-07,Line 1,M101,Product C,1003,819,44,42,7.3
2025-05-07,Line 1,M102,Product A,1069,1058,71,148,5.53
2025-05-07,Line 2,M201,Product A,1057,902,31,127,5.88
2025-05-07,Line 2,M202,Product A,1157,1047,50,12,7.8
2025-05-07,Line 3,M301,Product A,1145,931,21,93,6.45
2025-05-07,Line 3,M302,Product C,1113,1122,34,150,5.5
2025-05-07,Line 4,M401,Product C,921,765,46,97,6.38
2025-05-07,Line 4,M402,Product C,894,804,21,117,6.05
2025-05-08,Line 1,M101,Product C,986,992,44,125,5.92
2025-05-08,Line 1,M102,Product B,1092,861,44,68,6.87
2025-05-08,Line 2,M201,Product A,1169,971,39,152,5.47
2025-05-08,Line 2,M202,Product D,995,804,59,48,7.2
2025-05-08,Line 3,M301,Product D,804,645,37,44,7.27
2025-05-08,Line 3,M302,Product C,1049,881,43,155,5.42
2025-05-08,Line 4,M401,Product A,1003,782,17,25,7.58
2025-05-08,Line 4,M402,Product B,930,830,48,34,7.43
2025-05-09,Line 1,M101,Product D,1181,1004,56,102,6.3
2025-05-09,Line 1,M102,Product C,976,737,14,99,6.35
2025-05-09,Line 2,M201,Product B,1095,1010,78,54,7.1
2025-05-09,Line 2,M202,Product C,981,831,40,134,5.77
2025-05-09,Line 3,M301,Product D,840,726,25,128,5.87
2025-05-09,Line 3,M302,Product B,885,833,29,117,6.05
2025-05-09,Line 4,M401,Product D,836,646,27,68,6.87
2025-05-09,Line 4,M402,Product C,962,909,43,164,5.27
2025-05-10,Line 1,M101,Product D,938,953,55,160,5.33
2025-05-10,Line 1,M102,Product D,1011,808,62,15,7.75
2025-05-10,Line 2,M201,Product B,1172,961,41,30,7.5
2025-05-10,Line 2,M202,Product B,885,769,13,26,7.57
2025-05-10,Line 3,M301,Product D,1080,827,57,111,6.15
2025-05-10,Line 3,M302,Product A,853,706,16,31,7.48
2025-05-10,Line 4,M401,Product D,958,784,54,82,6.63
2025-05-10,Line 4,M402,Product D,1120,882,41,53,7.12
2025-05-11,Line 1,M101,Product A,817,775,62,93,6.45
2025-05-11,Line 1,M102,Product D,1039,1083,79,79,6.68
2025-05-11,Line 2,M201,Product D,869,904,31,161,5.32
2025-05-11,Line 2,M202,Product D,1123,1094,82,121,5.98
2025-05-11,Line 3,M301,Product C,977,873,22,32,7.47
2025-05-11,Line 3,M302,Product D,957,822,24,49,7.18
2025-05-11,Line 4,M401,Product C,805,603,14,98,6.37
2025-05-11,Line 4,M402,Product C,1040,946,71,132,5.8
2025-05-12,Line 1,M101,Product C,804,787,58,84,6.6
2025-05-12,Line 1,M102,Product B,803,734,19,115,6.08
2025-05-12,Line 2,M201,Product D,1002,826,53,175,5.08
2025-05-12,Line 2,M202,Product D,993,810,13,118,6.03
2025-05-12,Line 3,M301,Product B,1064,1042,44,82,6.63
2025-05-12,Line 3,M302,Product C,1011,815,12,56,7.07
2025-05-12,Line 4,M401,Product B,948,742,36,168,5.2
2025-05-12,Line 4,M402,Product D,939,901,71,58,7.03
2025-05-13,Line 1,M101,Product C,809,643,40,15,7.75
2025-05-13,Line 1,M102,Product B,852,711,15,122,5.97
2025-05-13,Line 2,M201,Product A,919,714,7,136,5.73
2025-05-13,Line 2,M202,Product B,975,854,58,137,5.72
2025-05-13,Line 3,M301,Product C,1037,994,13,94,6.43
2025-05-13,Line 3,M302,Product A,1184,1226,19,78,6.7
2025-05-13,Line 4,M401,Product D,836,763,18,59,7.02
2025-05-13,Line 4,M402,Product C,995,993,24,73,6.78
2025-05-14,Line 1,M101,Product D,1194,1244,43,18,7.7
2025-05-14,Line 1,M102,Product B,1035,1004,22,143,5.62
2025-05-14,Line 2,M201,Product B,1042,903,48,92,6.47
2025-05-14,Line 2,M202,Product B,1122,1086,80,143,5.62
2025-05-14,Line 3,M301,Product A,929,830,27,60,7.0
2025-05-14,Line 3,M302,Product C,826,833,21,38,7.37
2025-05-14,Line 4,M401,Product B,1124,989,10,52,7.13
2025-05-14,Line 4,M402,Product C,1099,863,58,72,6.8
2025-05-15,Line 1,M101,Product A,821,758,51,131,5.82
2025-05-15,Line 1,M102,Product B,990,971,40,50,7.17
2025-05-15,Line 2,M201,Product D,846,808,29,170,5.17
2025-05-15,Line 2,M202,Product A,830,711,16,147,5.55
2025-05-15,Line 3,M301,Product A,864,774,27,152,5.47
2025-05-15,Line 3,M302,Product C,1024,993,11,106,6.23
2025-05-15,Line 4,M401,Product C,1170,924,14,134,5.77
2025-05-15,Line 4,M402,Product D,1086,910,71,58,7.03
2025-05-16,Line 1,M101,Product B,1078,920,68,80,6.67
2025-05-16,Line 1,M102,Product B,835,759,35,85,6.58
2025-05-16,Line 2,M201,Product C,1077,926,9,173,5.12
2025-05-16,Line 2,M202,Product D,1175,946,11,168,5.2
2025-05-16,Line 3,M301,Product C,1197,1120,52,26,7.57
2025-05-16,Line 3,M302,Product D,897,813,39,151,5.48
2025-05-16,Line 4,M401,Product B,1113,929,61,174,5.1
2025-05-16,Line 4,M402,Product C,856,666,48,27,7.55
2025-05-17,Line 1,M101,Product A,866,695,8,61,6.98
2025-05-17,Line 1,M102,Product A,1048,846,10,156,5.4
2025-05-17,Line 2,M201,Product D,1136,1018,42,22,7.63
2025-05-17,Line 2,M202,Product C,913,850,12,13,7.78
2025-05-17,Line 3,M301,Product B,1135,1018,20,129,5.85
2025-05-17,Line 3,M302,Product A,984,902,62,104,6.27
2025-05-17,Line 4,M401,Product A,1115,925,14,28,7.53
2025-05-17,Line 4,M402,Product C,839,867,69,142,5.63
2025-05-18,Line 1,M101,Product A,851,823,42,108,6.2
2025-05-18,Line 1,M102,Product B,898,815,23,155,5.42
2025-05-18,Line 2,M201,Product B,1085,1057,63,37,7.38
2025-05-18,Line 2,M202,Product C,1145,1016,64,36,7.4
2025-05-18,Line 3,M301,Product B,892,816,40,96,6.4
2025-05-18,Line 3,M302,Product B,1073,1126,67,100,6.33
2025-05-18,Line 4,M401,Product C,1081,1132,52,105,6.25
2025-05-18,Line 4,M402,Product D,1191,1119,52,165,5.25
2025-05-19,Line 1,M101,Product B,1088,994,57,150,5.5
2025-05-19,Line 1,M102,Product C,984,1021,67,111,6.15
2025-05-19,Line 2,M201,Product A,1171,890,44,162,5.3
2025-05-19,Line 2,M202,Product A,1065,841,64,87,6.55
2025-05-19,Line 3,M301,Product A,953,996,36,90,6.5
2025-05-19,Line 3,M302,Product A,1195,1190,46,151,5.48
2025-05-19,Line 4,M401,Product B,848,645,28,49,7.18
2025-05-19,Line 4,M402,Product B,935,804,45,73,6.78
2025-05-20,Line 1,M101,Product B,931,924,20,156,5.4
2025-05-20,Line 1,M102,Product D,1091,1118,20,93,6.45
2025-05-20,Line 2,M201,Product D,888,796,51,157,5.38
2025-05-20,Line 2,M202,Product A,1104,1040,14,157,5.38
2025-05-20,Line 3,M301,Product D,840,826,66,95,6.42
2025-05-20,Line 3,M302,Product C,1022,894,23,68,6.87
2025-05-20,Line 4,M401,Product A,1124,1105,59,23,7.62
2025-05-20,Line 4,M402,Product C,1068,814,42,154,5.43
2025-05-21,Line 1,M101,Product B,967,870,22,49,7.18
2025-05-21,Line 1,M102,Product A,1144,1109,61,124,5.93
2025-05-21,Line 2,M201,Product A,913,803,58,110,6.17
2025-05-21,Line 2,M202,Product B,867,737,37,156,5.4
2025-05-21,Line 3,M301,Product A,1080,939,19,112,6.13
2025-05-21,Line 3,M302,Product D,1196,1147,28,133,5.78
2025-05-21,Line 4,M401,Product B,1049,911,34,153,5.45
2025-05-21,Line 4,M402,Product B,924,712,56,120,6.0
2025-05-22,Line 1,M101,Product C,1150,1181,22,38,7.37
2025-05-22,Line 1,M102,Product D,1016,873,20,92,6.47
2025-05-22,Line 2,M201,Product C,1104,1045,49,53,7.12
2025-05-22,Line 2,M202,Product C,1115,1111,67,169,5.18
2025-05-22,Line 3,M301,Product B,1025,782,59,69,6.85
2025-05-22,Line 3,M302,Product B,1150,991,19,38,7.37
2025-05-22,Line 4,M401,Product A,924,956,27,83,6.62
2025-05-22,Line 4,M402,Product A,975,934,23,88,6.53
2025-05-23,Line 1,M101,Product D,1041,787,20,147,5.55
2025-05-23,Line 1,M102,Product B,904,826,56,76,6.73
2025-05-23,Line 2,M201,Product D,1118,1083,28,14,7.77
2025-05-23,Line 2,M202,Product D,1098,1121,78,21,7.65
2025-05-23,Line 3,M301,Product C,887,681,18,168,5.2
2025-05-23,Line 3,M302,Product C,827,735,7,27,7.55
2025-05-23,Line 4,M401,Product D,1138,946,55,37,7.38
2025-05-23,Line 4,M402,Product A,949,958,58,69,6.85
2025-05-24,Line 1,M101,Product D,1060,1105,23,90,6.5
2025-05-24,Line 1,M102,Product D,1105,1004,33,60,7.0
2025-05-24,Line 2,M201,Product D,1087,1117,13,20,7.67
2025-05-24,Line 2,M202,Product B,1071,901,71,110,6.17
2025-05-24,Line 3,M301,Product B,809,690,28,100,6.33
2025-05-24,Line 3,M302,Product C,920,964,73,80,6.67
2025-05-24,Line 4,M401,Product A,1120,926,58,17,7.72
2025-05-24,Line 4,M402,Product C,915,727,32,178,5.03
2025-05-25,Line 1,M101,Product B,844,817,41,166,5.23
2025-05-25,Line 1,M102,Product B,1013,832,17,119,6.02
2025-05-25,Line 2,M201,Product C,1109,941,25,62,6.97
2025-05-25,Line 2,M202,Product B,1097,1000,35,45,7.25
2025-05-25,Line 3,M301,Product C,1152,1107,78,44,7.27
2025-05-25,Line 3,M302,Product D,1194,947,29,91,6.48
2025-05-25,Line 4,M401,Product A,1085,987,24,57,7.05
2025-05-25,Line 4,M402,Product C,874,846,56,91,6.48
2025-05-26,Line 1,M101,Product D,1010,849,55,173,5.12
2025-05-26,Line 1,M102,Product C,877,862,14,43,7.28
2025-05-26,Line 2,M201,Product B,813,795,46,167,5.22
2025-05-26,Line 2,M202,Product C,1110,1021,39,162,5.3
2025-05-26,Line 3,M301,Product B,918,877,30,30,7.5
2025-05-26,Line 3,M302,Product D,868,781,45,130,5.83
2025-05-26,Line 4,M401,Product C,894,899,70,131,5.82
2025-05-26,Line 4,M402,Product B,883,713,9,114,6.1
2025-05-27,Line 1,M101,Product A,938,970,37,61,6.98
2025-05-27,Line 1,M102,Product B,833,669,34,167,5.22
2025-05-27,Line 2,M201,Product D,1152,976,67,73,6.78
2025-05-27,Line 2,M202,Product D,1007,989,57,90,6.5
2025-05-27,Line 3,M301,Product D,1113,1148,84,162,5.3
2025-05-27,Line 3,M302,Product A,1066,834,37,20,7.67
2025-05-27,Line 4,M401,Product B,1065,970,14,152,5.47
2025-05-27,Line 4,M402,Product D,1064,1042,16,58,7.03
2025-05-28,Line 1,M101,Product C,1025,891,46,83,6.62
2025-05-28,Line 1,M102,Product D,885,775,46,23,7.62
2025-05-28,Line 2,M201,Product B,1037,1035,67,33,7.45
2025-05-28,Line 2,M202,Product A,892,877,68,149,5.52
2025-05-28,Line 3,M301,Product B,1001,874,36,16,7.73
2025-05-28,Line 3,M302,Product B,1032,956,34,126,5.9
2025-05-28,Line 4,M401,Product A,928,786,48,51,7.15
2025-05-28,Line 4,M402,Product A,846,663,34,172,5.13
2025-05-29,Line 1,M101,Product C,843,764,31,140,5.67
2025-05-29,Line 1,M102,Product B,993,908,14,53,7.12
2025-05-29,Line 2,M201,Product C,1089,1101,30,51,7.15
2025-05-29,Line 2,M202,Product B,891,873,11,117,6.05
2025-05-29,Line 3,M301,Product C,958,928,66,83,6.62
2025-05-29,Line 3,M302,Product B,860,876,69,61,6.98
2025-05-29,Line 4,M401,Product A,1118,1095,11,127,5.88
2025-05-29,Line 4,M402,Product D,1055,963,9,165,5.25
2025-05-30,Line 1,M101,Product D,921,750,49,131,5.82
2025-05-30,Line 1,M102,Product D,1009,890,8,72,6.8
2025-05-30,Line 2,M201,Product C,1117,1048,36,22,7.63
2025-05-30,Line 2,M202,Product B,875,670,28,19,7.68
2025-05-30,Line 3,M301,Product B,816,775,60,164,5.27
2025-05-30,Line 3,M302,Product C,969,994,15,37,7.38
2025-05-30,Line 4,M401,Product D,891,711,25,166,5.23
2025-05-30,Line 4,M402,Product B,1033,1006,56,19,7.68
2025-05-31,Line 1,M101,Product A,1193,1001,57,107,6.22
2025-05-31,Line 1,M102,Product A,1188,1043,80,26,7.57
2025-05-31,Line 2,M201,Product C,1041,822,52,80,6.67
2025-05-31,Line 2,M202,Product C,1069,934,35,63,6.95
2025-05-31,Line 3,M301,Product A,855,787,47,145,5.58
2025-05-31,Line 3,M302,Product A,1047,1012,46,119,6.02
2025-05-31,Line 4,M401,Product C,932,845,47,100,6.33
2025-05-31,Line 4,M402,Product B,1114,1023,76,171,5.15
2025-06-01,Line 1,M101,Product D,1052,1043,39,84,6.6
2025-06-01,Line 1,M102,Product B,800,628,35,170,5.17
2025-06-01,Line 2,M201,Product A,1177,1182,89,116,6.07
2025-06-01,Line 2,M202,Product D,823,699,41,173,5.12
2025-06-01,Line 3,M301,Product B,805,758,51,82,6.63
2025-06-01,Line 3,M302,Product C,834,702,39,150,5.5
2025-06-01,Line 4,M401,Product C,1192,896,50,97,6.38
2025-06-01,Line 4,M402,Product D,1170,1077,13,54,7.1
2025-06-02,Line 1,M101,Product B,969,969,70,131,5.82
2025-06-02,Line 1,M102,Product A,1130,893,27,170,5.17
2025-06-02,Line 2,M201,Product D,1074,1094,69,115,6.08
2025-06-02,Line 2,M202,Product A,1066,895,48,152,5.47
2025-06-02,Line 3,M301,Product A,906,836,29,100,6.33
2025-06-02,Line 3,M302,Product A,876,730,8,96,6.4
2025-06-02,Line 4,M401,Product D,1120,1019,31,156,5.4
2025-06-02,Line 4,M402,Product D,895,831,63,88,6.53
2025-06-03,Line 1,M101,Product C,1163,883,34,32,7.47
2025-06-03,Line 1,M102,Product D,921,793,60,87,6.55
2025-06-03,Line 2,M201,Product B,1068,897,22,105,6.25
2025-06-03,Line 2,M202,Product A,1198,971,20,123,5.95
2025-06-03,Line 3,M301,Product A,1047,1069,29,58,7.03
2025-06-03,Line 3,M302,Product C,1047,1015,77,89,6.52
2025-06-03,Line 4,M401,Product C,873,856,14,142,5.63
2025-06-03,Line 4,M402,Product B,905,875,37,109,6.18
2025-06-04,Line 1,M101,Product A,802,676,8,162,5.3
2025-06-04,Line 1,M102,Product A,970,863,10,36,7.4
2025-06-04,Line 2,M201,Product C,811,748,26,173,5.12
2025-06-04,Line 2,M202,Product B,964,781,25,80,6.67
2025-06-04,Line 3,M301,Product C,1195,1054,25,79,6.68
2025-06-04,Line 3,M302,Product B,880,732,7,169,5.18
2025-06-04,Line 4,M401,Product A,905,826,43,91,6.48
2025-06-04,Line 4,M402,Product C,872,900,45,156,5.4
2025-06-05,Line 1,M101,Product B,887,684,45,96,6.4
2025-06-05,Line 1,M102,Product D,825,650,36,22,7.63
2025-06-05,Line 2,M201,Product A,996,763,34,110,6.17
2025-06-05,Line 2,M202,Product B,1160,1077,85,171,5.15
2025-06-05,Line 3,M301,Product D,1115,955,51,60,7.0
2025-06-05,Line 3,M302,Product A,1186,1161,83,43,7.28
2025-06-05,Line 4,M401,Product A,1157,1030,68,89,6.52
2025-06-05,Line 4,M402,Product D,1040,852,22,46,7.23
2025-06-06,Line 1,M101,Product C,986,855,52,180,5.0
2025-06-06,Line 1,M102,Product C,966,855,9,26,7.57
2025-06-06,Line 2,M201,Product D,857,733,36,53,7.12
2025-06-06,Line 2,M202,Product C,1193,1019,26,140,5.67
2025-06-06,Line 3,M301,Product A,1007,1002,23,93,6.45
2025-06-06,Line 3,M302,Product A,954,867,33,161,5.32
2025-06-06,Line 4,M401,Product D,922,863,43,50,7.17
2025-06-06,Line 4,M402,Product D,996,766,20,161,5.32
2025-06-07,Line 1,M101,Product D,1022,940,52,149,5.52
2025-06-07,Line 1,M102,Product B,888,842,12,156,5.4
2025-06-07,Line 2,M201,Product D,858,795,36,93,6.45
2025-06-07,Line 2,M202,Product A,1027,824,33,27,7.55
2025-06-07,Line 3,M301,Product A,1150,1143,59,93,6.45
2025-06-07,Line 3,M302,Product D,1130,1071,21,65,6.92
2025-06-07,Line 4,M401,Product B,1097,1120,11,47,7.22
2025-06-07,Line 4,M402,Product B,1031,937,58,167,5.22
2025-06-08,Line 1,M101,Product D,900,730,27,86,6.57
2025-06-08,Line 1,M102,Product C,1022,986,53,32,7.47
2025-06-08,Line 2,M201,Product A,1113,1164,62,42,7.3
2025-06-08,Line 2,M202,Product C,831,715,42,23,7.62
2025-06-08,Line 3,M301,Product A,1160,1064,55,38,7.37
2025-06-08,Line 3,M302,Product C,815,668,50,161,5.32
2025-06-08,Line 4,M401,Product D,1120,946,57,113,6.12
2025-06-08,Line 4,M402,Product D,1022,933,31,131,5.82
2025-06-09,Line 1,M101,Product B,896,821,61,102,6.3
2025-06-09,Line 1,M102,Product D,878,734,49,42,7.3
2025-06-09,Line 2,M201,Product B,805,621,7,46,7.23
2025-06-09,Line 2,M202,Product D,1136,1000,27,31,7.48
2025-06-09,Line 3,M301,Product B,1128,1118,69,164,5.27
2025-06-09,Line 3,M302,Product D,1119,899,62,151,5.48
2025-06-09,Line 4,M401,Product D,996,853,19,118,6.03
2025-06-09,Line 4,M402,Product A,1095,984,39,138,5.7
2025-06-10,Line 1,M101,Product C,1010,1038,83,103,6.28
2025-06-10,Line 1,M102,Product A,819,753,52,104,6.27
2025-06-10,Line 2,M201,Product A,1097,981,19,46,7.23
2025-06-10,Line 2,M202,Product C,1038,939,75,166,5.23
2025-06-10,Line 3,M301,Product A,925,824,55,179,5.02
2025-06-10,Line 3,M302,Product A,1150,1081,84,89,6.52
2025-06-10,Line 4,M401,Product A,975,887,8,130,5.83
2025-06-10,Line 4,M402,Product D,1062,1085,83,94,6.43
2025-06-11,Line 1,M101,Product D,980,1017,47,84,6.6
2025-06-11,Line 1,M102,Product B,818,784,45,87,6.55
2025-06-11,Line 2,M201,Product C,831,780,44,53,7.12
2025-06-11,Line 2,M202,Product A,1136,1189,90,16,7.73
2025-06-11,Line 3,M301,Product C,1048,811,40,29,7.52
2025-06-11,Line 3,M302,Product C,929,733,24,80,6.67
2025-06-11,Line 4,M401,Product C,807,784,45,54,7.1
2025-06-11,Line 4,M402,Product B,1137,1005,32,76,6.73
2025-06-12,Line 1,M101,Product B,1048,842,41,18,7.7
2025-06-12,Line 1,M102,Product C,843,876,46,49,7.18
2025-06-12,Line 2,M201,Product D,1185,1241,61,70,6.83
2025-06-12,Line 2,M202,Product D,1171,1102,37,157,5.38
2025-06-12,Line 3,M301,Product C,827,779,55,39,7.35
2025-06-12,Line 3,M302,Product A,885,786,37,87,6.55
2025-06-12,Line 4,M401,Product D,1182,1222,80,69,6.85
2025-06-12,Line 4,M402,Product D,1149,1104,71,77,6.72
2025-06-13,Line 1,M101,Product B,1071,1082,11,83,6.62
2025-06-13,Line 1,M102,Product D,995,948,14,34,7.43
2025-06-13,Line 2,M201,Product C,1021,952,43,95,6.42
2025-06-13,Line 2,M202,Product C,936,927,41,177,5.05
2025-06-13,Line 3,M301,Product D,1036,1017,40,160,5.33
2025-06-13,Line 3,M302,Product B,1066,907,32,90,6.5
2025-06-13,Line 4,M401,Product A,1144,860,12,13,7.78
2025-06-13,Line 4,M402,Product D,850,771,50,124,5.93
2025-06-14,Line 1,M101,Product C,912,882,24,59,7.02
2025-06-14,Line 1,M102,Product A,812,759,10,162,5.3
2025-06-14,Line 2,M201,Product B,1106,1041,25,32,7.47
2025-06-14,Line 2,M202,Product B,992,939,32,38,7.37
2025-06-14,Line 3,M301,Product B,929,778,49,29,7.52
2025-06-14,Line 3,M302,Product D,941,922,50,75,6.75
2025-06-14,Line 4,M401,Product B,1199,925,16,107,6.22
2025-06-14,Line 4,M402,Product D,970,1017,43,77,6.72
2025-06-15,Line 1,M101,Product B,1025,790,19,166,5.23
2025-06-15,Line 1,M102,Product D,891,840,14,46,7.23
2025-06-15,Line 2,M201,Product D,911,851,14,123,5.95
2025-06-15,Line 2,M202,Product C,852,647,10,156,5.4
2025-06-15,Line 3,M301,Product C,1197,1057,73,48,7.2
2025-06-15,Line 3,M302,Product A,819,777,24,48,7.2
2025-06-15,Line 4,M401,Product C,1000,922,71,132,5.8
2025-06-15,Line 4,M402,Product D,1006,1009,18,148,5.53
2025-06-16,Line 1,M101,Product B,801,693,50,133,5.78
2025-06-16,Line 1,M102,Product A,1090,992,54,95,6.42
2025-06-16,Line 2,M201,Product C,1005,770,48,33,7.45
2025-06-16,Line 2,M202,Product C,1073,1079,53,30,7.5
2025-06-16,Line 3,M301,Product D,1189,1165,93,61,6.98
2025-06-16,Line 3,M302,Product B,1083,825,32,179,5.02
2025-06-16,Line 4,M401,Product B,953,913,22,171,5.15
2025-06-16,Line 4,M402,Product C,1049,813,48,122,5.97
2025-06-17,Line 1,M101,Product B,871,662,7,161,5.32
2025-06-17,Line 1,M102,Product B,1050,909,48,137,5.72
2025-06-17,Line 2,M201,Product D,808,614,9,96,6.4
2025-06-17,Line 2,M202,Product A,1007,790,58,177,5.05
2025-06-17,Line 3,M301,Product D,1147,1159,79,48,7.2
2025-06-17,Line 3,M302,Product B,836,636,15,135,5.75
2025-06-17,Line 4,M401,Product A,1041,1064,15,72,6.8
2025-06-17,Line 4,M402,Product B,807,646,9,88,6.53
2025-06-18,Line 1,M101,Product A,1033,964,17,37,7.38
2025-06-18,Line 1,M102,Product A,1054,978,37,26,7.57
2025-06-18,Line 2,M201,Product B,1018,866,61,112,6.13
2025-06-18,Line 2,M202,Product C,861,897,25,92,6.47
2025-06-18,Line 3,M301,Product B,1191,909,31,95,6.42
2025-06-18,Line 3,M302,Product A,861,716,55,116,6.07
2025-06-18,Line 4,M401,Product B,1156,995,30,122,5.97
2025-06-18,Line 4,M402,Product B,1097,836,14,171,5.15
2025-06-19,Line 1,M101,Product D,1198,955,71,30,7.5
2025-06-19,Line 1,M102,Product A,803,645,11,176,5.07
2025-06-19,Line 2,M201,Product C,1013,970,69,42,7.3
2025-06-19,Line 2,M202,Product B,873,822,41,125,5.92
2025-06-19,Line 3,M301,Product D,922,950,13,162,5.3
2025-06-19,Line 3,M302,Product B,1167,1050,21,170,5.17
2025-06-19,Line 4,M401,Product C,978,856,43,70,6.83
2025-06-19,Line 4,M402,Product B,860,899,20,168,5.2
2025-06-20,Line 1,M101,Product C,1189,1243,76,66,6.9
2025-06-20,Line 1,M102,Product D,1194,1119,37,80,6.67
2025-06-20,Line 2,M201,Product A,899,704,16,131,5.82
2025-06-20,Line 2,M202,Product D,890,710,9,23,7.62
2025-06-20,Line 3,M301,Product C,945,768,23,95,6.42
2025-06-20,Line 3,M302,Product D,822,642,9,147,5.55
2025-06-20,Line 4,M401,Product B,880,867,39,141,5.65
2025-06-20,Line 4,M402,Product A,836,851,54,123,5.95
2025-06-21,Line 1,M101,Product C,1014,820,51,93,6.45
2025-06-21,Line 1,M102,Product B,1198,938,38,35,7.42
2025-06-21,Line 2,M201,Product B,1177,1028,35,106,6.23
2025-06-21,Line 2,M202,Product B,837,746,38,23,7.62
2025-06-21,Line 3,M301,Product D,874,712,46,126,5.9
2025-06-21,Line 3,M302,Product B,998,860,37,59,7.02
2025-06-21,Line 4,M401,Product C,938,760,15,18,7.7
2025-06-21,Line 4,M402,Product A,943,745,36,127,5.88
2025-06-22,Line 1,M101,Product D,887,867,22,85,6.58
2025-06-22,Line 1,M102,Product B,1126,1166,32,157,5.38
2025-06-22,Line 2,M201,Product B,844,737,40,135,5.75
2025-06-22,Line 2,M202,Product B,1102,983,68,81,6.65
2025-06-22,Line 3,M301,Product A,1173,1030,41,73,6.78
2025-06-22,Line 3,M302,Product C,1022,944,28,156,5.4
2025-06-22,Line 4,M401,Product A,1013,1057,15,130,5.83
2025-06-22,Line 4,M402,Product A,1017,924,70,35,7.42
2025-06-23,Line 1,M101,Product D,1053,865,43,13,7.78
2025-06-23,Line 1,M102,Product D,911,719,25,71,6.82
2025-06-23,Line 2,M201,Product A,808,722,26,51,7.15
2025-06-23,Line 2,M202,Product D,1092,1063,13,126,5.9
2025-06-23,Line 3,M301,Product D,1195,945,60,57,7.05
2025-06-23,Line 3,M302,Product C,1120,996,9,170,5.17
2025-06-23,Line 4,M401,Product A,997,1014,52,145,5.58
2025-06-23,Line 4,M402,Product A,951,834,25,166,5.23
2025-06-24,Line 1,M101,Product B,1150,890,50,24,7.6
2025-06-24,Line 1,M102,Product C,826,646,29,129,5.85
2025-06-24,Line 2,M201,Product A,987,848,49,153,5.45
2025-06-24,Line 2,M202,Product A,1087,1046,36,45,7.25
2025-06-24,Line 3,M301,Product C,922,840,49,132,5.8
2025-06-24,Line 3,M302,Product B,1185,1153,39,92,6.47
2025-06-24,Line 4,M401,Product C,936,843,35,80,6.67
2025-06-24,Line 4,M402,Product A,832,717,35,134,5.77
2025-06-25,Line 1,M101,Product A,1040,1001,78,84,6.6
2025-06-25,Line 1,M102,Product D,1117,961,17,58,7.03
2025-06-25,Line 2,M201,Product D,844,653,17,83,6.62
2025-06-25,Line 2,M202,Product A,855,683,13,47,7.22
2025-06-25,Line 3,M301,Product D,877,887,41,170,5.17
2025-06-25,Line 3,M302,Product A,950,831,51,148,5.53
2025-06-25,Line 4,M401,Product B,1042,889,64,175,5.08
2025-06-25,Line 4,M402,Product A,949,765,8,69,6.85
2025-06-26,Line 1,M101,Product C,1010,932,50,134,5.77
2025-06-26,Line 1,M102,Product D,1034,869,16,88,6.53
2025-06-26,Line 2,M201,Product B,933,763,30,83,6.62
2025-06-26,Line 2,M202,Product A,875,748,36,52,7.13
2025-06-26,Line 3,M301,Product B,1164,1059,33,54,7.1
2025-06-26,Line 3,M302,Product B,882,724,9,91,6.48
2025-06-26,Line 4,M401,Product B,1025,848,19,62,6.97
2025-06-26,Line 4,M402,Product A,1140,963,53,47,7.22
2025-06-27,Line 1,M101,Product C,1029,938,29,146,5.57
2025-06-27,Line 1,M102,Product C,862,884,33,137,5.72
2025-06-27,Line 2,M201,Product B,1034,1063,29,11,7.82
2025-06-27,Line 2,M202,Product C,1131,1087,70,84,6.6
2025-06-27,Line 3,M301,Product B,1089,1054,66,96,6.4
2025-06-27,Line 3,M302,Product A,1174,1049,15,45,7.25
2025-06-27,Line 4,M401,Product A,957,724,46,66,6.9
2025-06-27,Line 4,M402,Product D,982,763,10,165,5.25
2025-06-28,Line 1,M101,Product B,1098,996,44,60,7.0
2025-06-28,Line 1,M102,Product A,842,767,35,32,7.47
2025-06-28,Line 2,M201,Product D,899,806,46,164,5.27
2025-06-28,Line 2,M202,Product A,1141,979,27,119,6.02
2025-06-28,Line 3,M301,Product C,997,859,26,98,6.37
2025-06-28,Line 3,M302,Product C,957,998,20,65,6.92
2025-06-28,Line 4,M401,Product D,1179,1235,68,83,6.62
2025-06-28,Line 4,M402,Product B,1172,1220,66,116,6.07
2025-06-29,Line 1,M101,Product B,1100,1022,28,63,6.95
2025-06-29,Line 1,M102,Product C,1043,1091,77,95,6.42
2025-06-29,Line 2,M201,Product A,1102,1076,21,11,7.82
2025-06-29,Line 2,M202,Product D,1127,1154,64,54,7.1
2025-06-29,Line 3,M301,Product D,1163,1070,27,61,6.98
2025-06-29,Line 3,M302,Product B,995,832,39,20,7.67
2025-06-29,Line 4,M401,Product C,1099,924,68,67,6.88
2025-06-29,Line 4,M402,Product A,801,637,25,173,5.12
2025-06-30,Line 1,M101,Product D,863,816,65,83,6.62
2025-06-30,Line 1,M102,Product D,891,799,51,175,5.08
2025-06-30,Line 2,M201,Product B,814,639,23,136,5.73
2025-06-30,Line 2,M202,Product A,1106,1076,84,133,5.78
2025-06-30,Line 3,M301,Product D,932,874,38,40,7.33
2025-06-30,Line 3,M302,Product C,1062,1030,12,76,6.73
2025-06-30,Line 4,M401,Product B,1097,842,28,128,5.87
2025-06-30,Line 4,M402,Product B,982,784,24,102,6.3
2025-07-01,Line 1,M101,Product D,1125,1151,56,22,7.63
2025-07-01,Line 1,M102,Product C,949,862,67,29,7.52
2025-07-01,Line 2,M201,Product B,1192,1118,23,163,5.28
2025-07-01,Line 2,M202,Product B,1078,912,49,87,6.55
2025-07-01,Line 3,M301,Product C,1150,1103,57,34,7.43
2025-07-01,Line 3,M302,Product C,873,658,39,82,6.63
2025-07-01,Line 4,M401,Product C,1198,1072,53,51,7.15
2025-07-01,Line 4,M402,Product A,911,725,21,58,7.03
2025-07-02,Line 1,M101,Product A,1013,899,17,39,7.35
2025-07-02,Line 1,M102,Product B,808,722,26,102,6.3
2025-07-02,Line 2,M201,Product B,1026,1043,76,97,6.38
2025-07-02,Line 2,M202,Product B,1163,978,24,66,6.9
2025-07-02,Line 3,M301,Product B,1155,915,38,88,6.53
2025-07-02,Line 3,M302,Product B,907,715,12,118,6.03
2025-07-02,Line 4,M401,Product A,839,633,36,120,6.0
2025-07-02,Line 4,M402,Product A,900,704,49,141,5.65
2025-07-03,Line 1,M101,Product A,1040,817,24,21,7.65
2025-07-03,Line 1,M102,Product A,954,906,21,41,7.32
2025-07-03,Line 2,M201,Product B,1100,1122,34,99,6.35
2025-07-03,Line 2,M202,Product A,846,671,53,81,6.65
2025-07-03,Line 3,M301,Product C,980,782,39,166,5.23
2025-07-03,Line 3,M302,Product B,1058,974,21,158,5.37
2025-07-03,Line 4,M401,Product A,1070,872,20,82,6.63
2025-07-03,Line 4,M402,Product B,1186,1080,22,64,6.93
2025-07-04,Line 1,M101,Product D,987,946,32,122,5.97
2025-07-04,Line 1,M102,Product A,892,892,56,118,6.03
2025-07-04,Line 2,M201,Product B,1063,869,15,90,6.5
2025-07-04,Line 2,M202,Product A,1038,812,16,136,5.73
2025-07-04,Line 3,M301,Product C,1160,970,14,31,7.48
2025-07-04,Line 3,M302,Product C,1052,825,26,126,5.9
2025-07-04,Line 4,M401,Product C,1151,1200,68,67,6.88
2025-07-04,Line 4,M402,Product D,948,991,63,58,7.03
2025-07-05,Line 1,M101,Product A,1043,1076,57,55,7.08
2025-07-05,Line 1,M102,Product A,1145,1027,23,111,6.15
2025-07-05,Line 2,M201,Product D,1067,1011,20,40,7.33
2025-07-05,Line 2,M202,Product B,1002,871,45,36,7.4
2025-07-05,Line 3,M301,Product B,833,715,19,96,6.4
2025-07-05,Line 3,M302,Product B,1104,1107,62,41,7.32
2025-07-05,Line 4,M401,Product B,1017,984,44,158,5.37
2025-07-05,Line 4,M402,Product C,1187,1171,93,112,6.13
2025-07-06,Line 1,M101,Product C,1043,990,60,134,5.77
2025-07-06,Line 1,M102,Product C,875,857,14,41,7.32
2025-07-06,Line 2,M201,Product C,1050,944,26,17,7.72
2025-07-06,Line 2,M202,Product A,1177,901,17,137,5.72
2025-07-06,Line 3,M301,Product A,891,770,50,93,6.45
2025-07-06,Line 3,M302,Product B,955,894,20,29,7.52
2025-07-06,Line 4,M401,Product D,1038,841,50,137,5.72
2025-07-06,Line 4,M402,Product D,1058,876,29,148,5.53
2025-07-07,Line 1,M101,Product A,1191,904,64,40,7.33
2025-07-07,Line 1,M102,Product D,1030,869,32,123,5.95
2025-07-07,Line 2,M201,Product D,818,621,41,178,5.03
2025-07-07,Line 2,M202,Product C,1161,927,64,44,7.27
2025-07-07,Line 3,M301,Product C,1166,1010,24,155,5.42
2025-07-07,Line 3,M302,Product D,1137,1041,79,156,5.4
2025-07-07,Line 4,M401,Product D,1043,958,29,139,5.68
2025-07-07,Line 4,M402,Product A,1000,829,45,106,6.23
2025-07-08,Line 1,M101,Product C,1192,1243,53,25,7.58
2025-07-08,Line 1,M102,Product A,1102,841,61,103,6.28
2025-07-08,Line 2,M201,Product C,1179,1090,53,107,6.22
2025-07-08,Line 2,M202,Product A,1019,869,30,115,6.08
2025-07-08,Line 3,M301,Product C,828,785,22,70,6.83
2025-07-08,Line 3,M302,Product C,1103,855,52,26,7.57
2025-07-08,Line 4,M401,Product C,858,730,8,147,5.55
2025-07-08,Line 4,M402,Product C,819,727,34,155,5.42
2025-07-09,Line 1,M101,Product D,936,707,37,160,5.33
2025-07-09,Line 1,M102,Product A,962,830,32,92,6.47
2025-07-09,Line 2,M201,Product A,1050,819,51,62,6.97
2025-07-09,Line 2,M202,Product C,1054,949,52,52,7.13
2025-07-09,Line 3,M301,Product C,986,1026,35,137,5.72
2025-07-09,Line 3,M302,Product A,1074,874,24,22,7.63
2025-07-09,Line 4,M401,Product C,1093,951,37,169,5.18
2025-07-09,Line 4,M402,Product A,1167,1170,23,161,5.32
2025-07-10,Line 1,M101,Product C,939,723,40,131,5.82
2025-07-10,Line 1,M102,Product D,907,774,11,176,5.07
2025-07-10,Line 2,M201,Product C,1058,1048,65,179,5.02
2025-07-10,Line 2,M202,Product C,902,788,23,169,5.18
2025-07-10,Line 3,M301,Product D,1143,1119,34,14,7.77
2025-07-10,Line 3,M302,Product B,1095,985,68,78,6.7
2025-07-10,Line 4,M401,Product D,1089,1054,17,143,5.62
2025-07-10,Line 4,M402,Product B,986,876,23,48,7.2
2025-07-11,Line 1,M101,Product C,1022,892,16,172,5.13
2025-07-11,Line 1,M102,Product B,1011,839,26,175,5.08
2025-07-11,Line 2,M201,Product B,931,890,38,113,6.12
2025-07-11,Line 2,M202,Product B,858,682,7,72,6.8
2025-07-11,Line 3,M301,Product C,1037,928,64,118,6.03
2025-07-11,Line 3,M302,Product A,903,720,15,17,7.72
2025-07-11,Line 4,M401,Product C,942,892,30,174,5.1
2025-07-11,Line 4,M402,Product A,1169,1047,12,24,7.6
2025-07-12,Line 1,M101,Product A,960,893,16,114,6.1
2025-07-12,Line 1,M102,Product C,1143,1082,21,111,6.15
2025-07-12,Line 2,M201,Product B,920,720,54,138,5.7
2025-07-12,Line 2,M202,Product A,1067,1012,77,74,6.77
2025-07-12,Line 3,M301,Product D,846,694,13,90,6.5
2025-07-12,Line 3,M302,Product C,1099,1067,40,118,6.03
2025-07-12,Line 4,M401,Product B,873,682,19,80,6.67
2025-07-12,Line 4,M402,Product D,1009,833,45,24,7.6
2025-07-13,Line 1,M101,Product D,1073,925,23,91,6.48
2025-07-13,Line 1,M102,Product D,1043,995,44,47,7.22
2025-07-13,Line 2,M201,Product C,1043,1006,49,15,7.75
2025-07-13,Line 2,M202,Product A,1178,1117,17,71,6.82
2025-07-13,Line 3,M301,Product C,1082,936,55,41,7.32
2025-07-13,Line 3,M302,Product B,1026,889,58,75,6.75
2025-07-13,Line 4,M401,Product C,846,872,56,70,6.83
2025-07-13,Line 4,M402,Product C,907,914,29,122,5.97
2025-07-14,Line 1,M101,Product C,1192,1124,15,80,6.67
2025-07-14,Line 1,M102,Product A,1199,1237,72,115,6.08
2025-07-14,Line 2,M201,Product C,1167,1023,22,51,7.15
2025-07-14,Line 2,M202,Product C,1059,815,34,164,5.27
2025-07-14,Line 3,M301,Product C,1032,989,15,174,5.1
2025-07-14,Line 3,M302,Product B,1122,990,26,10,7.83
2025-07-14,Line 4,M401,Product D,902,846,28,157,5.38
2025-07-14,Line 4,M402,Product A,856,682,39,176,5.07
2025-07-15,Line 1,M101,Product B,1104,1055,50,125,5.92
2025-07-15,Line 1,M102,Product D,1176,929,31,161,5.32
2025-07-15,Line 2,M201,Product C,944,764,33,104,6.27
2025-07-15,Line 2,M202,Product B,1001,1013,38,15,7.75
2025-07-15,Line 3,M301,Product A,1085,1024,39,32,7.47
2025-07-15,Line 3,M302,Product D,901,746,17,22,7.63
2025-07-15,Line 4,M401,Product D,1116,980,42,48,7.2
2025-07-15,Line 4,M402,Product A,988,791,43,40,7.33
2025-07-16,Line 1,M101,Product A,1167,1059,68,136,5.73
2025-07-16,Line 1,M102,Product A,914,881,20,78,6.7
2025-07-16,Line 2,M201,Product C,1182,1061,26,120,6.0
2025-07-16,Line 2,M202,Product B,1107,901,45,58,7.03
2025-07-16,Line 3,M301,Product D,892,778,16,17,7.72
2025-07-16,Line 3,M302,Product C,934,766,35,73,6.78
2025-07-16,Line 4,M401,Product C,1098,1048,68,31,7.48
2025-07-16,Line 4,M402,Product A,1040,821,28,111,6.15
2025-07-17,Line 1,M101,Product B,1165,1007,64,162,5.3
2025-07-17,Line 1,M102,Product C,837,651,9,23,7.62
2025-07-17,Line 2,M201,Product C,920,819,30,165,5.25
2025-07-17,Line 2,M202,Product A,802,662,45,107,6.22
2025-07-17,Line 3,M301,Product C,1002,953,25,153,5.45
2025-07-17,Line 3,M302,Product A,1097,881,18,138,5.7
2025-07-17,Line 4,M401,Product D,973,986,25,32,7.47
2025-07-17,Line 4,M402,Product C,1163,1057,28,76,6.73
2025-07-18,Line 1,M101,Product A,960,732,15,137,5.72
2025-07-18,Line 1,M102,Product C,1182,1014,65,82,6.63
2025-07-18,Line 2,M201,Product C,1113,1111,44,142,5.63
2025-07-18,Line 2,M202,Product C,1023,1041,50,135,5.75
2025-07-18,Line 3,M301,Product B,1084,1090,66,23,7.62
2025-07-18,Line 3,M302,Product B,876,671,17,19,7.68
2025-07-18,Line 4,M401,Product D,933,745,36,121,5.98
2025-07-18,Line 4,M402,Product A,1053,802,30,153,5.45
2025-07-19,Line 1,M101,Product D,1034,928,27,41,7.32
2025-07-19,Line 1,M102,Product C,847,687,24,56,7.07
2025-07-19,Line 2,M201,Product B,1183,1067,44,154,5.43
2025-07-19,Line 2,M202,Product B,1098,1152,11,144,5.6
2025-07-19,Line 3,M301,Product B,1013,1039,41,137,5.72
2025-07-19,Line 3,M302,Product A,968,733,50,41,7.32
2025-07-19,Line 4,M401,Product D,991,918,22,92,6.47
2025-07-19,Line 4,M402,Product B,814,630,48,132,5.8
2025-07-20,Line 1,M101,Product D,1121,1161,87,178,5.03
2025-07-20,Line 1,M102,Product A,968,1007,67,93,6.45
2025-07-20,Line 2,M201,Product B,908,916,45,92,6.47
2025-07-20,Line 2,M202,Product A,1180,910,57,33,7.45
2025-07-20,Line 3,M301,Product D,930,747,56,112,6.13
2025-07-20,Line 3,M302,Product A,810,814,18,109,6.18
2025-07-20,Line 4,M401,Product D,945,892,27,40,7.33
2025-07-20,Line 4,M402,Product C,1051,1040,49,164,5.27
2025-07-21,Line 1,M101,Product B,983,933,56,141,5.65
2025-07-21,Line 1,M102,Product B,1050,927,58,131,5.82
2025-07-21,Line 2,M201,Product C,1088,1011,21,118,6.03
2025-07-21,Line 2,M202,Product C,1114,897,62,33,7.45
2025-07-21,Line 3,M301,Product A,1062,905,68,67,6.88
2025-07-21,Line 3,M302,Product B,1053,956,76,31,7.48
2025-07-21,Line 4,M401,Product C,1039,915,70,86,6.57
2025-07-21,Line 4,M402,Product B,865,826,27,73,6.78
2025-07-22,Line 1,M101,Product D,951,875,43,29,7.52
2025-07-22,Line 1,M102,Product A,1062,830,35,115,6.08
2025-07-22,Line 2,M201,Product A,1037,983,41,100,6.33
2025-07-22,Line 2,M202,Product C,1099,851,40,14,7.77
2025-07-22,Line 3,M301,Product A,1179,1118,33,56,7.07
2025-07-22,Line 3,M302,Product D,823,637,25,90,6.5
2025-07-22,Line 4,M401,Product D,1187,1128,90,77,6.72
2025-07-22,Line 4,M402,Product C,895,727,12,164,5.27
2025-07-23,Line 1,M101,Product C,1144,894,10,11,7.82
2025-07-23,Line 1,M102,Product D,859,647,47,132,5.8
2025-07-23,Line 2,M201,Product D,1154,1005,72,87,6.55
2025-07-23,Line 2,M202,Product C,1153,1097,60,87,6.55
2025-07-23,Line 3,M301,Product A,864,683,18,38,7.37
2025-07-23,Line 3,M302,Product A,1156,1203,15,63,6.95
2025-07-23,Line 4,M401,Product D,1132,898,38,121,5.98
2025-07-23,Line 4,M402,Product B,844,709,36,47,7.22
2025-07-24,Line 1,M101,Product D,1016,768,17,49,7.18
2025-07-24,Line 1,M102,Product D,1048,934,66,159,5.35
2025-07-24,Line 2,M201,Product B,903,757,60,110,6.17
2025-07-24,Line 2,M202,Product A,970,729,47,120,6.0
2025-07-24,Line 3,M301,Product D,1053,1022,80,84,6.6
2025-07-24,Line 3,M302,Product A,1049,912,71,69,6.85
2025-07-24,Line 4,M401,Product A,1070,808,44,90,6.5
2025-07-24,Line 4,M402,Product A,937,953,62,131,5.82
2025-07-25,Line 1,M101,Product A,1053,986,53,124,5.93
2025-07-25,Line 1,M102,Product D,810,646,18,130,5.83
2025-07-25,Line 2,M201,Product C,1024,839,22,160,5.33
2025-07-25,Line 2,M202,Product C,1108,1114,70,43,7.28
2025-07-25,Line 3,M301,Product C,1170,1127,64,177,5.05
2025-07-25,Line 3,M302,Product C,1041,1030,30,169,5.18
2025-07-25,Line 4,M401,Product B,944,903,20,180,5.0
2025-07-25,Line 4,M402,Product D,866,694,16,165,5.25
2025-07-26,Line 1,M101,Product D,851,840,39,87,6.55
2025-07-26,Line 1,M102,Product B,907,831,9,101,6.32
2025-07-26,Line 2,M201,Product C,982,935,31,138,5.7
2025-07-26,Line 2,M202,Product A,832,708,14,168,5.2
2025-07-26,Line 3,M301,Product B,861,790,38,76,6.73
2025-07-26,Line 3,M302,Product C,981,962,43,48,7.2
2025-07-26,Line 4,M401,Product A,1161,888,64,127,5.88
2025-07-26,Line 4,M402,Product A,854,840,47,36,7.4
2025-07-27,Line 1,M101,Product A,1059,827,48,40,7.33
2025-07-27,Line 1,M102,Product B,985,785,25,123,5.95
2025-07-27,Line 2,M201,Product D,1175,1188,30,175,5.08
2025-07-27,Line 2,M202,Product C,971,966,24,61,6.98
2025-07-27,Line 3,M301,Product D,1012,992,9,72,6.8
2025-07-27,Line 3,M302,Product D,974,814,18,31,7.48
2025-07-27,Line 4,M401,Product C,990,954,62,102,6.3
2025-07-27,Line 4,M402,Product B,877,855,41,117,6.05
2025-07-28,Line 1,M101,Product B,870,861,34,114,6.1
2025-07-28,Line 1,M102,Product D,1064,1051,56,17,7.72
2025-07-28,Line 2,M201,Product D,874,857,53,142,5.63
2025-07-28,Line 2,M202,Product A,843,717,32,52,7.13
2025-07-28,Line 3,M301,Product D,831,721,9,179,5.02
2025-07-28,Line 3,M302,Product B,1094,839,48,179,5.02
2025-07-28,Line 4,M401,Product C,1014,882,51,151,5.48
2025-07-28,Line 4,M402,Product C,1169,1137,55,12,7.8
2025-07-29,Line 1,M101,Product C,1070,998,27,113,6.12
2025-07-29,Line 1,M102,Product D,1129,916,65,98,6.37
2025-07-29,Line 2,M201,Product D,1197,968,47,31,7.48
2025-07-29,Line 2,M202,Product A,1075,914,25,143,5.62
2025-07-29,Line 3,M301,Product C,909,707,42,89,6.52
2025-07-29,Line 3,M302,Product C,1187,1116,13,17,7.72
2025-07-29,Line 4,M401,Product C,923,922,47,118,6.03
2025-07-29,Line 4,M402,Product A,1174,901,56,76,6.73
2025-07-30,Line 1,M101,Product C,863,659,47,41,7.32
2025-07-30,Line 1,M102,Product D,952,877,8,126,5.9
2025-07-30,Line 2,M201,Product C,920,912,38,99,6.35
2025-07-30,Line 2,M202,Product C,945,897,25,106,6.23
2025-07-30,Line 3,M301,Product B,853,723,44,59,7.02
2025-07-30,Line 3,M302,Product C,1032,804,53,118,6.03
2025-07-30,Line 4,M401,Product D,841,654,33,43,7.28
2025-07-30,Line 4,M402,Product D,909,803,31,144,5.6
2025-07-31,Line 1,M101,Product D,1101,1010,60,77,6.72
2025-07-31,Line 1,M102,Product D,1125,986,65,135,5.75
2025-07-31,Line 2,M201,Product D,883,700,15,134,5.77
2025-07-31,Line 2,M202,Product D,866,900,24,64,6.93
2025-07-31,Line 3,M301,Product D,1042,791,17,153,5.45
2025-07-31,Line 3,M302,Product C,860,800,34,38,7.37
2025-07-31,Line 4,M401,Product A,989,911,14,143,5.62
2025-07-31,Line 4,M402,Product B,860,740,30,87,6.55
2025-08-01,Line 1,M101,Product C,1048,794,16,46,7.23
2025-08-01,Line 1,M102,Product D,824,849,27,82,6.63
2025-08-01,Line 2,M201,Product B,893,889,70,10,7.83
2025-08-01,Line 2,M202,Product A,1080,922,14,116,6.07
2025-08-01,Line 3,M301,Product D,1093,921,66,96,6.4
2025-08-01,Line 3,M302,Product D,1043,1043,26,45,7.25
2025-08-01,Line 4,M401,Product D,1189,1052,67,48,7.2
2025-08-01,Line 4,M402,Product C,845,836,50,169,5.18
2025-08-02,Line 1,M101,Product D,998,818,33,96,6.4
2025-08-02,Line 1,M102,Product A,1143,1162,46,175,5.08
2025-08-02,Line 2,M201,Product A,884,850,44,171,5.15
2025-08-02,Line 2,M202,Product C,1087,1025,81,31,7.48
2025-08-02,Line 3,M301,Product B,1116,1018,16,155,5.42
2025-08-02,Line 3,M302,Product B,1184,1057,12,40,7.33
2025-08-02,Line 4,M401,Product B,809,673,19,72,6.8
2025-08-02,Line 4,M402,Product D,843,836,46,92,6.47
2025-08-03,Line 1,M101,Product D,1101,840,63,15,7.75
2025-08-03,Line 1,M102,Product C,1023,822,9,145,5.58
2025-08-03,Line 2,M201,Product C,995,823,15,35,7.42
2025-08-03,Line 2,M202,Product B,946,750,23,32,7.47
2025-08-03,Line 3,M301,Product B,957,991,30,25,7.58
2025-08-03,Line 3,M302,Product C,892,676,9,86,6.57
2025-08-03,Line 4,M401,Product D,850,719,33,92,6.47
2025-08-03,Line 4,M402,Product C,992,1024,25,23,7.62
2025-08-04,Line 1,M101,Product B,922,899,38,136,5.73
2025-08-04,Line 1,M102,Product D,858,712,27,128,5.87
2025-08-04,Line 2,M201,Product D,833,745,33,172,5.13
2025-08-04,Line 2,M202,Product B,809,672,43,35,7.42
2025-08-04,Line 3,M301,Product B,1190,1090,26,87,6.55
2025-08-04,Line 3,M302,Product D,1028,796,47,138,5.7
2025-08-04,Line 4,M401,Product B,1200,1248,59,148,5.53
2025-08-04,Line 4,M402,Product B,1200,988,63,152,5.47
2025-08-05,Line 1,M101,Product D,821,615,35,168,5.2
2025-08-05,Line 1,M102,Product C,1134,1181,11,25,7.58
2025-08-05,Line 2,M201,Product D,939,872,61,107,6.22
2025-08-05,Line 2,M202,Product C,1123,913,45,21,7.65
2025-08-05,Line 3,M301,Product B,1178,1072,18,86,6.57
2025-08-05,Line 3,M302,Product A,1002,961,26,152,5.47
2025-08-05,Line 4,M401,Product C,1021,830,40,91,6.48
2025-08-05,Line 4,M402,Product C,1125,931,66,79,6.68
2025-08-06,Line 1,M101,Product B,1139,1190,54,63,6.95
2025-08-06,Line 1,M102,Product D,1106,938,26,175,5.08
2025-08-06,Line 2,M201,Product A,1111,992,10,54,7.1
2025-08-06,Line 2,M202,Product D,1084,1104,73,110,6.17
2025-08-06,Line 3,M301,Product A,1132,1070,78,17,7.72
2025-08-06,Line 3,M302,Product D,1144,900,57,163,5.28
2025-08-06,Line 4,M401,Product C,998,801,57,12,7.8
2025-08-06,Line 4,M402,Product A,1036,892,32,123,5.95
2025-08-07,Line 1,M101,Product A,913,888,43,101,6.32
2025-08-07,Line 1,M102,Product B,846,841,48,87,6.55
2025-08-07,Line 2,M201,Product B,919,959,55,19,7.68
2025-08-07,Line 2,M202,Product C,1052,1074,36,11,7.82
2025-08-07,Line 3,M301,Product B,1126,978,44,155,5.42
2025-08-07,Line 3,M302,Product D,887,812,50,154,5.43
2025-08-07,Line 4,M401,Product B,833,771,54,26,7.57
2025-08-07,Line 4,M402,Product B,932,960,38,143,5.62
2025-08-08,Line 1,M101,Product C,898,901,11,146,5.57
2025-08-08,Line 1,M102,Product C,1148,1053,68,10,7.83
2025-08-08,Line 2,M201,Product D,1128,1073,16,92,6.47
2025-08-08,Line 2,M202,Product D,1008,838,51,142,5.63
2025-08-08,Line 3,M301,Product D,1053,903,14,67,6.88
2025-08-08,Line 3,M302,Product A,942,966,77,124,5.93
2025-08-08,Line 4,M401,Product C,802,695,27,30,7.5
2025-08-08,Line 4,M402,Product A,1177,962,63,29,7.52
2025-08-09,Line 1,M101,Product B,900,719,26,26,7.57
2025-08-09,Line 1,M102,Product A,814,727,58,16,7.73
2025-08-09,Line 2,M201,Product C,928,764,37,71,6.82
2025-08-09,Line 2,M202,Product C,827,824,41,70,6.83
2025-08-09,Line 3,M301,Product A,1197,1113,67,34,7.43
2025-08-09,Line 3,M302,Product D,1096,863,11,18,7.7
2025-08-09,Line 4,M401,Product D,960,976,17,42,7.3
2025-08-09,Line 4,M402,Product A,1026,786,46,170,5.17
2025-08-10,Line 1,M101,Product D,833,650,9,153,5.45
2025-08-10,Line 1,M102,Product A,950,954,60,34,7.43
2025-08-10,Line 2,M201,Product D,919,927,10,126,5.9
2025-08-10,Line 2,M202,Product D,1037,1025,22,96,6.4
2025-08-10,Line 3,M301,Product A,1032,934,33,37,7.38
2025-08-10,Line 3,M302,Product A,806,748,11,161,5.32
2025-08-10,Line 4,M401,Product B,1093,861,40,75,6.75
2025-08-10,Line 4,M402,Product C,1015,907,65,57,7.05
2025-08-11,Line 1,M101,Product B,870,860,11,42,7.3
2025-08-11,Line 1,M102,Product C,1099,967,54,89,6.52
2025-08-11,Line 2,M201,Product B,875,779,45,97,6.38
2025-08-11,Line 2,M202,Product C,988,1028,76,160,5.33
2025-08-11,Line 3,M301,Product B,829,680,41,23,7.62
2025-08-11,Line 3,M302,Product D,976,789,19,173,5.12
2025-08-11,Line 4,M401,Product B,835,711,49,131,5.82
2025-08-11,Line 4,M402,Product D,1107,1060,84,154,5.43
2025-08-12,Line 1,M101,Product C,1115,936,51,51,7.15
2025-08-12,Line 1,M102,Product A,1032,1045,15,136,5.73
2025-08-12,Line 2,M201,Product B,801,754,51,68,6.87
2025-08-12,Line 2,M202,Product D,1119,910,70,94,6.43
2025-08-12,Line 3,M301,Product D,905,787,59,11,7.82
2025-08-12,Line 3,M302,Product C,805,621,7,152,5.47
2025-08-12,Line 4,M401,Product A,872,730,19,171,5.15
2025-08-12,Line 4,M402,Product C,822,857,20,60,7.0
2025-08-13,Line 1,M101,Product C,889,725,23,54,7.1
2025-08-13,Line 1,M102,Product C,1083,892,33,15,7.75
2025-08-13,Line 2,M201,Product B,934,955,11,45,7.25
2025-08-13,Line 2,M202,Product D,1135,1119,25,96,6.4
2025-08-13,Line 3,M301,Product B,956,847,31,105,6.25
2025-08-13,Line 3,M302,Product B,1069,1115,66,26,7.57
2025-08-13,Line 4,M401,Product A,873,885,16,58,7.03
2025-08-13,Line 4,M402,Product B,1072,925,56,91,6.48
2025-08-14,Line 1,M101,Product D,1125,926,14,167,5.22
2025-08-14,Line 1,M102,Product B,1074,900,28,93,6.45
2025-08-14,Line 2,M201,Product B,827,776,24,42,7.3
2025-08-14,Line 2,M202,Product D,907,878,58,130,5.83
2025-08-14,Line 3,M301,Product A,885,798,55,175,5.08
2025-08-14,Line 3,M302,Product C,1055,955,31,92,6.47
2025-08-14,Line 4,M401,Product C,1069,1024,73,131,5.82
2025-08-14,Line 4,M402,Product C,1097,954,13,63,6.95
2025-08-15,Line 1,M101,Product B,903,799,22,111,6.15
2025-08-15,Line 1,M102,Product B,956,838,32,156,5.4
2025-08-15,Line 2,M201,Product B,991,818,13,44,7.27
2025-08-15,Line 2,M202,Product A,951,840,30,68,6.87
2025-08-15,Line 3,M301,Product A,1038,938,52,119,6.02
2025-08-15,Line 3,M302,Product D,1039,914,56,137,5.72
2025-08-15,Line 4,M401,Product C,939,811,19,123,5.95
2025-08-15,Line 4,M402,Product B,935,882,30,31,7.48
2025-08-16,Line 1,M101,Product C,1056,954,19,80,6.67
2025-08-16,Line 1,M102,Product B,850,667,29,19,7.68
2025-08-16,Line 2,M201,Product B,970,784,28,74,6.77
2025-08-16,Line 2,M202,Product C,1181,1174,46,58,7.03
2025-08-16,Line 3,M301,Product B,1185,1143,80,76,6.73
2025-08-16,Line 3,M302,Product A,1194,1002,54,113,6.12
2025-08-16,Line 4,M401,Product D,1096,1071,11,130,5.83
2025-08-16,Line 4,M402,Product B,1003,820,54,63,6.95
2025-08-17,Line 1,M101,Product D,919,831,58,151,5.48
2025-08-17,Line 1,M102,Product D,1169,1162,54,31,7.48
2025-08-17,Line 2,M201,Product C,896,787,51,116,6.07
2025-08-17,Line 2,M202,Product B,1024,906,12,105,6.25
2025-08-17,Line 3,M301,Product B,1095,1108,50,12,7.8
2025-08-17,Line 3,M302,Product D,1137,1137,54,67,6.88
2025-08-17,Line 4,M401,Product D,1017,971,60,147,5.55
2025-08-17,Line 4,M402,Product C,966,894,12,45,7.25
2025-08-18,Line 1,M101,Product B,969,891,58,107,6.22
2025-08-18,Line 1,M102,Product B,1000,769,31,58,7.03
2025-08-18,Line 2,M201,Product D,855,725,35,173,5.12
2025-08-18,Line 2,M202,Product C,847,678,49,151,5.48
2025-08-18,Line 3,M301,Product B,816,814,46,135,5.75
2025-08-18,Line 3,M302,Product A,895,724,31,82,6.63
2025-08-18,Line 4,M401,Product B,919,769,40,27,7.55
2025-08-18,Line 4,M402,Product D,829,713,7,53,7.12
2025-08-19,Line 1,M101,Product C,1010,876,15,43,7.28
2025-08-19,Line 1,M102,Product D,1044,1015,59,62,6.97
2025-08-19,Line 2,M201,Product B,905,762,59,180,5.0
2025-08-19,Line 2,M202,Product D,881,820,27,160,5.33
2025-08-19,Line 3,M301,Product B,1057,1020,68,80,6.67
2025-08-19,Line 3,M302,Product B,803,841,36,26,7.57
2025-08-19,Line 4,M401,Product D,1109,1100,78,94,6.43
2025-08-19,Line 4,M402,Product D,1035,919,14,33,7.45
2025-08-20,Line 1,M101,Product C,1130,1146,69,98,6.37
2025-08-20,Line 1,M102,Product C,1000,933,31,116,6.07
2025-08-20,Line 2,M201,Product B,891,908,64,127,5.88
2025-08-20,Line 2,M202,Product D,1137,915,21,110,6.17
2025-08-20,Line 3,M301,Product A,922,936,29,80,6.67
2025-08-20,Line 3,M302,Product C,1141,1169,38,136,5.73
2025-08-20,Line 4,M401,Product D,1190,1089,57,29,7.52
2025-08-20,Line 4,M402,Product A,1058,1036,51,114,6.1
2025-08-21,Line 1,M101,Product D,884,730,39,21,7.65
2025-08-21,Line 1,M102,Product D,813,627,50,128,5.87
2025-08-21,Line 2,M201,Product D,975,949,33,111,6.15
2025-08-21,Line 2,M202,Product A,805,664,51,44,7.27
2025-08-21,Line 3,M301,Product C,1143,1113,73,128,5.87
2025-08-21,Line 3,M302,Product A,842,770,22,122,5.97
2025-08-21,Line 4,M401,Product B,1041,1036,30,53,7.12
2025-08-21,Line 4,M402,Product A,1110,865,26,41,7.32
2025-08-22,Line 1,M101,Product D,886,685,54,12,7.8
2025-08-22,Line 1,M102,Product C,878,774,18,65,6.92
2025-08-22,Line 2,M201,Product A,1145,1041,66,22,7.63
2025-08-22,Line 2,M202,Product A,999,956,65,23,7.62
2025-08-22,Line 3,M301,Product A,824,808,57,61,6.98
2025-08-22,Line 3,M302,Product B,991,1013,35,33,7.45
2025-08-22,Line 4,M401,Product A,1015,769,7,96,6.4
2025-08-22,Line 4,M402,Product B,1148,1091,38,34,7.43
2025-08-23,Line 1,M101,Product B,1170,936,62,141,5.65
2025-08-23,Line 1,M102,Product A,967,818,48,58,7.03
2025-08-23,Line 2,M201,Product B,1077,935,63,40,7.33
2025-08-23,Line 2,M202,Product B,909,710,27,54,7.1
2025-08-23,Line 3,M301,Product A,1005,950,10,109,6.18
2025-08-23,Line 3,M302,Product B,1034,843,50,81,6.65
2025-08-23,Line 4,M401,Product C,822,633,19,115,6.08
2025-08-23,Line 4,M402,Product C,1192,1108,24,147,5.55
2025-08-24,Line 1,M101,Product B,928,962,50,171,5.15
2025-08-24,Line 1,M102,Product D,1147,1178,28,95,6.42
2025-08-24,Line 2,M201,Product B,1125,1100,51,180,5.0
2025-08-24,Line 2,M202,Product D,834,709,45,159,5.35
2025-08-24,Line 3,M301,Product D,995,898,37,138,5.7
2025-08-24,Line 3,M302,Product A,919,695,54,41,7.32
2025-08-24,Line 4,M401,Product C,921,894,39,168,5.2
2025-08-24,Line 4,M402,Product A,830,656,37,85,6.58
2025-08-25,Line 1,M101,Product B,877,756,48,19,7.68
2025-08-25,Line 1,M102,Product B,1171,1088,66,94,6.43
2025-08-25,Line 2,M201,Product B,942,796,57,20,7.67
2025-08-25,Line 2,M202,Product D,1131,1124,14,68,6.87
2025-08-25,Line 3,M301,Product C,975,802,42,23,7.62
2025-08-25,Line 3,M302,Product B,1151,1103,39,165,5.25
2025-08-25,Line 4,M401,Product D,1066,902,65,171,5.15
2025-08-25,Line 4,M402,Product A,833,842,12,59,7.02
2025-08-26,Line 1,M101,Product A,1124,1177,37,42,7.3
2025-08-26,Line 1,M102,Product A,888,823,61,62,6.97
2025-08-26,Line 2,M201,Product B,1059,819,54,129,5.85
2025-08-26,Line 2,M202,Product C,884,854,23,118,6.03
2025-08-26,Line 3,M301,Product B,1110,915,45,157,5.38
2025-08-26,Line 3,M302,Product D,1125,911,70,30,7.5
2025-08-26,Line 4,M401,Product C,1003,865,38,122,5.97
2025-08-26,Line 4,M402,Product D,1058,986,64,49,7.18
2025-08-27,Line 1,M101,Product D,810,792,34,31,7.48
2025-08-27,Line 1,M102,Product C,1104,1005,80,54,7.1
2025-08-27,Line 2,M201,Product C,994,883,37,82,6.63
2025-08-27,Line 2,M202,Product D,1087,1012,19,95,6.42
2025-08-27,Line 3,M301,Product B,1166,1038,29,58,7.03
2025-08-27,Line 3,M302,Product A,806,812,54,105,6.25
2025-08-27,Line 4,M401,Product D,1007,1034,60,105,6.25
2025-08-27,Line 4,M402,Product D,1050,884,45,28,7.53
2025-08-28,Line 1,M101,Product D,819,858,15,108,6.2
2025-08-28,Line 1,M102,Product B,899,880,69,75,6.75
2025-08-28,Line 2,M201,Product C,1060,1020,57,24,7.6
2025-08-28,Line 2,M202,Product D,1017,987,40,132,5.8
2025-08-28,Line 3,M301,Product A,985,925,12,180,5.0
2025-08-28,Line 3,M302,Product B,933,869,68,47,7.22
2025-08-28,Line 4,M401,Product C,926,861,68,179,5.02
2025-08-28,Line 4,M402,Product B,806,632,11,174,5.1
2025-08-29,Line 1,M101,Product D,1003,964,19,142,5.63
2025-08-29,Line 1,M102,Product B,1016,812,35,74,6.77
2025-08-29,Line 2,M201,Product C,1056,1098,58,160,5.33
2025-08-29,Line 2,M202,Product C,1175,1026,21,37,7.38
2025-08-29,Line 3,M301,Product C,873,725,20,111,6.15
2025-08-29,Line 3,M302,Product C,803,840,60,135,5.75
2025-08-29,Line 4,M401,Product A,849,654,50,116,6.07
2025-08-29,Line 4,M402,Product D,1135,949,64,53,7.12
2025-08-30,Line 1,M101,Product B,991,798,15,60,7.0
2025-08-30,Line 1,M102,Product D,893,804,15,125,5.92
2025-08-30,Line 2,M201,Product B,895,725,54,56,7.07
2025-08-30,Line 2,M202,Product B,932,973,61,122,5.97
2025-08-30,Line 3,M301,Product A,1125,899,45,31,7.48
2025-08-30,Line 3,M302,Product D,863,718,28,17,7.72
2025-08-30,Line 4,M401,Product B,1044,934,21,12,7.8
2025-08-30,Line 4,M402,Product A,936,913,9,180,5.0
2025-08-31,Line 1,M101,Product A,849,690,6,106,6.23
2025-08-31,Line 1,M102,Product C,1048,934,52,164,5.27
2025-08-31,Line 2,M201,Product D,972,837,64,97,6.38
2025-08-31,Line 2,M202,Product C,922,951,60,106,6.23
2025-08-31,Line 3,M301,Product A,982,993,21,10,7.83
2025-08-31,Line 3,M302,Product D,1157,1007,27,16,7.73
2025-08-31,Line 4,M401,Product A,1071,893,39,104,6.27
2025-08-31,Line 4,M402,Product D,1116,1066,70,141,5.65
2025-09-01,Line 1,M101,Product D,1138,917,50,14,7.77
2025-09-01,Line 1,M102,Product C,823,856,55,93,6.45
2025-09-01,Line 2,M201,Product D,919,856,33,166,5.23
2025-09-01,Line 2,M202,Product A,978,859,67,131,5.82
2025-09-01,Line 3,M301,Product A,1175,1016,34,46,7.23
2025-09-01,Line 3,M302,Product A,865,777,12,87,6.55
2025-09-01,Line 4,M401,Product D,886,902,23,133,5.78
2025-09-01,Line 4,M402,Product B,924,751,55,178,5.03
2025-09-02,Line 1,M101,Product A,854,751,52,17,7.72
2025-09-02,Line 1,M102,Product B,967,987,44,66,6.9
2025-09-02,Line 2,M201,Product C,1140,1017,25,180,5.0
2025-09-02,Line 2,M202,Product B,1073,1008,72,33,7.45
2025-09-02,Line 3,M301,Product C,914,940,17,174,5.1
2025-09-02,Line 3,M302,Product C,993,1015,58,177,5.05
2025-09-02,Line 4,M401,Product D,919,750,14,84,6.6
2025-09-02,Line 4,M402,Product A,857,665,53,161,5.32
2025-09-03,Line 1,M101,Product B,1181,1219,85,104,6.27
2025-09-03,Line 1,M102,Product B,960,994,9,89,6.52
2025-09-03,Line 2,M201,Product A,1102,1003,59,118,6.03
2025-09-03,Line 2,M202,Product C,1194,1026,26,143,5.62
2025-09-03,Line 3,M301,Product B,854,741,41,127,5.88
2025-09-03,Line 3,M302,Product C,874,869,26,66,6.9
2025-09-03,Line 4,M401,Product D,1148,1017,46,47,7.22
2025-09-03,Line 4,M402,Product A,1106,935,73,41,7.32
2025-09-04,Line 1,M101,Product C,1161,1070,37,136,5.73
2025-09-04,Line 1,M102,Product C,1160,1206,19,95,6.42
2025-09-04,Line 2,M201,Product B,1166,948,37,23,7.62
2025-09-04,Line 2,M202,Product B,1049,1015,48,178,5.03
2025-09-04,Line 3,M301,Product B,811,741,28,118,6.03
2025-09-04,Line 3,M302,Product D,978,955,59,28,7.53
2025-09-04,Line 4,M401,Product C,944,905,33,150,5.5
2025-09-04,Line 4,M402,Product D,849,670,43,23,7.62
2025-09-05,Line 1,M101,Product C,1034,978,26,123,5.95
2025-09-05,Line 1,M102,Product D,949,967,35,65,6.92
2025-09-05,Line 2,M201,Product B,1176,1111,57,157,5.38
2025-09-05,Line 2,M202,Product A,1147,1130,29,106,6.23
2025-09-05,Line 3,M301,Product D,1147,1149,18,34,7.43
2025-09-05,Line 3,M302,Product C,1042,837,11,40,7.33
2025-09-05,Line 4,M401,Product C,1103,970,28,170,5.17
2025-09-05,Line 4,M402,Product D,925,703,22,111,6.15
2025-09-06,Line 1,M101,Product D,954,912,31,177,5.05
2025-09-06,Line 1,M102,Product D,1197,1146,22,128,5.87
2025-09-06,Line 2,M201,Product D,940,883,36,104,6.27
2025-09-06,Line 2,M202,Product A,861,675,13,135,5.75
2025-09-06,Line 3,M301,Product B,811,751,43,132,5.8
2025-09-06,Line 3,M302,Product C,1155,1124,86,56,7.07
2025-09-06,Line 4,M401,Product D,1047,1099,65,86,6.57
2025-09-06,Line 4,M402,Product B,850,720,52,147,5.55
2025-09-07,Line 1,M101,Product B,1007,1000,12,110,6.17
2025-09-07,Line 1,M102,Product D,832,753,44,147,5.55
2025-09-07,Line 2,M201,Product A,1185,1156,26,56,7.07
2025-09-07,Line 2,M202,Product B,802,734,58,90,6.5
2025-09-07,Line 3,M301,Product A,820,646,19,177,5.05
2025-09-07,Line 3,M302,Product B,844,775,61,18,7.7
2025-09-07,Line 4,M401,Product A,863,778,30,149,5.52
2025-09-07,Line 4,M402,Product B,1016,1059,10,73,6.78
2025-09-08,Line 1,M101,Product C,823,850,41,85,6.58
2025-09-08,Line 1,M102,Product D,871,804,52,90,6.5
2025-09-08,Line 2,M201,Product C,1110,1011,36,35,7.42
2025-09-08,Line 2,M202,Product A,921,700,16,86,6.57
2025-09-08,Line 3,M301,Product B,868,807,21,161,5.32
2025-09-08,Line 3,M302,Product C,942,742,46,118,6.03
2025-09-08,Line 4,M401,Product A,1081,893,56,176,5.07
2025-09-08,Line 4,M402,Product B,1004,890,40,118,6.03
2025-09-09,Line 1,M101,Product B,1074,871,48,78,6.7
2025-09-09,Line 1,M102,Product B,1165,1003,75,164,5.27
2025-09-09,Line 2,M201,Product B,1014,1010,50,121,5.98
2025-09-09,Line 2,M202,Product D,813,844,23,29,7.52
2025-09-09,Line 3,M301,Product C,863,784,50,150,5.5
2025-09-09,Line 3,M302,Product D,833,707,12,102,6.3
2025-09-09,Line 4,M401,Product C,1198,996,37,80,6.67
2025-09-09,Line 4,M402,Product A,850,733,21,106,6.23
2025-09-10,Line 1,M101,Product A,1200,1233,34,144,5.6
2025-09-10,Line 1,M102,Product C,1101,1097,72,34,7.43
2025-09-10,Line 2,M201,Product C,1158,1067,46,151,5.48
2025-09-10,Line 2,M202,Product C,1111,866,11,53,7.12
2025-09-10,Line 3,M301,Product C,1184,1026,54,146,5.57
2025-09-10,Line 3,M302,Product D,1044,968,42,12,7.8
2025-09-10,Line 4,M401,Product B,1136,895,56,155,5.42
2025-09-10,Line 4,M402,Product C,827,848,48,104,6.27
2025-09-11,Line 1,M101,Product B,1147,1069,68,56,7.07
2025-09-11,Line 1,M102,Product D,981,970,73,83,6.62
2025-09-11,Line 2,M201,Product C,1019,923,38,88,6.53
2025-09-11,Line 2,M202,Product A,956,833,28,33,7.45
2025-09-11,Line 3,M301,Product A,839,812,13,52,7.13
2025-09-11,Line 3,M302,Product A,843,820,43,136,5.73
2025-09-11,Line 4,M401,Product A,1017,969,26,132,5.8
2025-09-11,Line 4,M402,Product D,1063,1015,78,41,7.32
2025-09-12,Line 1,M101,Product D,807,754,60,11,7.82
2025-09-12,Line 1,M102,Product D,1159,1055,54,72,6.8
2025-09-12,Line 2,M201,Product A,1110,981,30,144,5.6
2025-09-12,Line 2,M202,Product B,889,686,14,141,5.65
2025-09-12,Line 3,M301,Product C,826,724,31,53,7.12
2025-09-12,Line 3,M302,Product C,857,729,50,73,6.78
2025-09-12,Line 4,M401,Product A,948,796,25,77,6.72
2025-09-12,Line 4,M402,Product B,801,778,43,110,6.17
2025-09-13,Line 1,M101,Product B,956,983,74,19,7.68
2025-09-13,Line 1,M102,Product D,1116,1121,18,101,6.32
2025-09-13,Line 2,M201,Product A,1115,990,47,100,6.33
2025-09-13,Line 2,M202,Product A,802,685,52,57,7.05
2025-09-13,Line 3,M301,Product D,981,738,34,135,5.75
2025-09-13,Line 3,M302,Product B,843,766,16,115,6.08
2025-09-13,Line 4,M401,Product A,1049,788,56,178,5.03
2025-09-13,Line 4,M402,Product C,915,815,31,86,6.57
2025-09-14,Line 1,M101,Product C,1019,1036,78,78,6.7
2025-09-14,Line 1,M102,Product A,1024,969,65,51,7.15
2025-09-14,Line 2,M201,Product B,981,955,9,101,6.32
2025-09-14,Line 2,M202,Product B,856,690,8,44,7.27
2025-09-14,Line 3,M301,Product D,1015,987,13,51,7.15
2025-09-14,Line 3,M302,Product B,1045,1084,44,40,7.33
2025-09-14,Line 4,M401,Product D,1050,960,25,93,6.45
2025-09-14,Line 4,M402,Product D,1056,1021,59,43,7.28
2025-09-15,Line 1,M101,Product A,855,844,16,49,7.18
2025-09-15,Line 1,M102,Product C,1056,796,50,70,6.83
2025-09-15,Line 2,M201,Product A,1147,1145,65,162,5.3
2025-09-15,Line 2,M202,Product A,1022,913,45,134,5.77
2025-09-15,Line 3,M301,Product A,1189,1044,29,140,5.67
2025-09-15,Line 3,M302,Product B,927,773,14,77,6.72
2025-09-15,Line 4,M401,Product B,1141,1136,36,131,5.82
2025-09-15,Line 4,M402,Product A,1158,1122,89,56,7.07
2025-09-16,Line 1,M101,Product B,1102,1034,29,68,6.87
2025-09-16,Line 1,M102,Product A,867,754,24,59,7.02
2025-09-16,Line 2,M201,Product B,1018,768,19,33,7.45
2025-09-16,Line 2,M202,Product A,994,866,27,172,5.13
2025-09-16,Line 3,M301,Product B,913,776,37,25,7.58
2025-09-16,Line 3,M302,Product D,1129,864,15,78,6.7
2025-09-16,Line 4,M401,Product C,943,974,62,73,6.78
2025-09-16,Line 4,M402,Product C,824,662,6,23,7.62
2025-09-17,Line 1,M101,Product C,908,758,24,165,5.25
2025-09-17,Line 1,M102,Product A,1020,821,39,103,6.28
2025-09-17,Line 2,M201,Product C,955,748,49,13,7.78
2025-09-17,Line 2,M202,Product B,969,831,59,102,6.3
2025-09-17,Line 3,M301,Product C,921,870,21,159,5.35
2025-09-17,Line 3,M302,Product D,844,857,16,171,5.15
2025-09-17,Line 4,M401,Product A,821,760,48,58,7.03
2025-09-17,Line 4,M402,Product B,1160,1025,22,29,7.52
2025-09-18,Line 1,M101,Product C,954,923,34,146,5.57
2025-09-18,Line 1,M102,Product B,822,648,32,150,5.5
2025-09-18,Line 2,M201,Product C,1188,1195,82,98,6.37
2025-09-18,Line 2,M202,Product C,1029,966,24,121,5.98
2025-09-18,Line 3,M301,Product A,1047,916,73,15,7.75
2025-09-18,Line 3,M302,Product B,1106,920,25,84,6.6
2025-09-18,Line 4,M401,Product A,1089,836,52,58,7.03
2025-09-18,Line 4,M402,Product D,1053,1006,75,29,7.52
2025-09-19,Line 1,M101,Product B,1024,998,58,153,5.45
2025-09-19,Line 1,M102,Product D,1005,936,35,57,7.05
2025-09-19,Line 2,M201,Product A,881,811,45,12,7.8
2025-09-19,Line 2,M202,Product D,1057,1017,77,76,6.73
2025-09-19,Line 3,M301,Product C,912,765,24,151,5.48
2025-09-19,Line 3,M302,Product A,887,724,41,70,6.83
2025-09-19,Line 4,M401,Product C,820,772,24,44,7.27
2025-09-19,Line 4,M402,Product C,826,778,22,63,6.95
2025-09-20,Line 1,M101,Product A,800,755,47,164,5.27
2025-09-20,Line 1,M102,Product C,966,748,52,150,5.5
2025-09-20,Line 2,M201,Product C,1169,923,46,93,6.45
2025-09-20,Line 2,M202,Product A,1120,1114,56,66,6.9
2025-09-20,Line 3,M301,Product C,890,735,8,147,5.55
2025-09-20,Line 3,M302,Product A,1169,1138,59,177,5.05
2025-09-20,Line 4,M401,Product C,1120,1053,80,62,6.97
2025-09-20,Line 4,M402,Product D,912,772,20,158,5.37
2025-09-21,Line 1,M101,Product D,879,776,53,121,5.98
2025-09-21,Line 1,M102,Product C,875,893,19,136,5.73
2025-09-21,Line 2,M201,Product B,1035,833,63,55,7.08
2025-09-21,Line 2,M202,Product B,1091,978,32,175,5.08
2025-09-21,Line 3,M301,Product C,810,682,17,110,6.17
2025-09-21,Line 3,M302,Product B,835,662,33,72,6.8
2025-09-21,Line 4,M401,Product D,1130,1176,23,144,5.6
2025-09-21,Line 4,M402,Product B,1172,1142,12,164,5.27
2025-09-22,Line 1,M101,Product A,993,859,15,13,7.78
2025-09-22,Line 1,M102,Product A,867,714,12,78,6.7
2025-09-22,Line 2,M201,Product B,1121,1042,11,37,7.38
2025-09-22,Line 2,M202,Product C,1162,901,26,132,5.8
2025-09-22,Line 3,M301,Product D,883,743,37,49,7.18
2025-09-22,Line 3,M302,Product B,828,756,24,170,5.17
2025-09-22,Line 4,M401,Product A,810,807,14,149,5.52
2025-09-22,Line 4,M402,Product C,852,769,60,116,6.07
2025-09-23,Line 1,M101,Product B,800,818,9,68,6.87
2025-09-23,Line 1,M102,Product D,997,791,48,83,6.62
2025-09-23,Line 2,M201,Product B,1150,995,23,135,5.75
2025-09-23,Line 2,M202,Product B,856,699,24,101,6.32
2025-09-23,Line 3,M301,Product A,1115,947,55,31,7.48
2025-09-23,Line 3,M302,Product A,1109,882,35,145,5.58
2025-09-23,Line 4,M401,Product C,1107,890,62,48,7.2
2025-09-23,Line 4,M402,Product C,1119,1113,55,36,7.4
2025-09-24,Line 1,M101,Product C,1055,1000,43,29,7.52
2025-09-24,Line 1,M102,Product A,876,861,17,91,6.48
2025-09-24,Line 2,M201,Product B,999,883,58,132,5.8
2025-09-24,Line 2,M202,Product A,857,791,53,81,6.65
2025-09-24,Line 3,M301,Product B,846,716,15,56,7.07
2025-09-24,Line 3,M302,Product D,980,828,35,133,5.78
2025-09-24,Line 4,M401,Product D,1108,1094,52,45,7.25
2025-09-24,Line 4,M402,Product B,996,872,39,147,5.55
2025-09-25,Line 1,M101,Product D,1072,976,38,108,6.2
2025-09-25,Line 1,M102,Product A,1097,1058,77,157,5.38
2025-09-25,Line 2,M201,Product B,1159,899,54,10,7.83
2025-09-25,Line 2,M202,Product B,808,693,36,44,7.27
2025-09-25,Line 3,M301,Product A,830,849,31,45,7.25
2025-09-25,Line 3,M302,Product C,1035,821,62,151,5.48
2025-09-25,Line 4,M401,Product D,924,751,21,24,7.6
2025-09-25,Line 4,M402,Product B,860,893,26,106,6.23
2025-09-26,Line 1,M101,Product A,1156,1201,59,23,7.62
2025-09-26,Line 1,M102,Product A,1139,1052,71,162,5.3
2025-09-26,Line 2,M201,Product B,815,647,15,30,7.5
2025-09-26,Line 2,M202,Product B,839,632,32,48,7.2
2025-09-26,Line 3,M301,Product B,1040,1011,77,86,6.57
2025-09-26,Line 3,M302,Product D,1010,976,65,175,5.08
2025-09-26,Line 4,M401,Product A,946,741,10,174,5.1
2025-09-26,Line 4,M402,Product A,1109,1081,74,51,7.15
2025-09-27,Line 1,M101,Product A,1002,1001,68,151,5.48
2025-09-27,Line 1,M102,Product C,1092,983,38,118,6.03
2025-09-27,Line 2,M201,Product B,939,978,75,106,6.23
2025-09-27,Line 2,M202,Product B,1180,959,16,66,6.9
2025-09-27,Line 3,M301,Product D,894,891,17,129,5.85
2025-09-27,Line 3,M302,Product D,960,907,60,107,6.22
2025-09-27,Line 4,M401,Product B,827,819,49,118,6.03
2025-09-27,Line 4,M402,Product B,938,734,11,102,6.3
2025-09-28,Line 1,M101,Product C,814,668,16,148,5.53
2025-09-28,Line 1,M102,Product A,833,677,6,89,6.52
2025-09-28,Line 2,M201,Product B,1082,876,67,18,7.7
2025-09-28,Line 2,M202,Product B,937,726,43,154,5.43
2025-09-28,Line 3,M301,Product A,1088,1137,72,21,7.65
2025-09-28,Line 3,M302,Product A,961,747,26,12,7.8
2025-09-28,Line 4,M401,Product C,1184,988,59,138,5.7
2025-09-28,Line 4,M402,Product B,961,937,54,43,7.28
2025-09-29,Line 1,M101,Product A,969,845,55,138,5.7
2025-09-29,Line 1,M102,Product A,1057,1048,29,16,7.73
2025-09-29,Line 2,M201,Product D,1044,966,13,84,6.6
2025-09-29,Line 2,M202,Product B,877,837,13,170,5.17
2025-09-29,Line 3,M301,Product A,1167,956,36,177,5.05
2025-09-29,Line 3,M302,Product B,1193,1151,75,142,5.63
2025-09-29,Line 4,M401,Product C,1029,1014,53,84,6.6
2025-09-29,Line 4,M402,Product C,1119,1126,66,20,7.67
2025-09-30,Line 1,M101,Product D,922,749,46,165,5.25
2025-09-30,Line 1,M102,Product A,878,807,39,34,7.43
2025-09-30,Line 2,M201,Product A,873,855,27,150,5.5
2025-09-30,Line 2,M202,Product A,1055,821,28,53,7.12
2025-09-30,Line 3,M301,Product C,882,679,42,103,6.28
2025-09-30,Line 3,M302,Product C,845,651,51,127,5.88
2025-09-30,Line 4,M401,Product C,1042,1087,66,176,5.07
2025-09-30,Line 4,M402,Product B,863,898,70,20,7.67
2025-10-01,Line 1,M101,Product C,946,823,62,168,5.2
2025-10-01,Line 1,M102,Product B,1025,881,62,169,5.18
2025-10-01,Line 2,M201,Product C,991,768,33,139,5.68
2025-10-01,Line 2,M202,Product D,934,946,14,168,5.2
2025-10-01,Line 3,M301,Product A,1179,1163,82,12,7.8
2025-10-01,Line 3,M302,Product B,853,714,17,155,5.42
2025-10-01,Line 4,M401,Product D,837,683,35,33,7.45
2025-10-01,Line 4,M402,Product C,1038,924,68,37,7.38
2025-10-02,Line 1,M101,Product A,892,864,66,111,6.15
2025-10-02,Line 1,M102,Product D,902,785,11,91,6.48
2025-10-02,Line 2,M201,Product C,1109,993,69,39,7.35
2025-10-02,Line 2,M202,Product C,1032,785,16,130,5.83
2025-10-02,Line 3,M301,Product B,1127,917,13,163,5.28
2025-10-02,Line 3,M302,Product D,831,856,31,120,6.0
2025-10-02,Line 4,M401,Product D,909,696,7,118,6.03
2025-10-02,Line 4,M402,Product C,929,873,13,46,7.23
2025-10-03,Line 1,M101,Product A,940,819,27,125,5.92
2025-10-03,Line 1,M102,Product D,1068,869,65,76,6.73
2025-10-03,Line 2,M201,Product B,827,643,33,97,6.38
2025-10-03,Line 2,M202,Product C,884,715,33,133,5.78
2025-10-03,Line 3,M301,Product D,1074,1027,30,121,5.98
2025-10-03,Line 3,M302,Product C,1154,1062,11,153,5.45
2025-10-03,Line 4,M401,Product B,839,811,45,167,5.22
2025-10-03,Line 4,M402,Product B,965,915,49,13,7.78
2025-10-04,Line 1,M101,Product B,1034,1065,73,91,6.48
2025-10-04,Line 1,M102,Product A,1145,998,75,10,7.83
2025-10-04,Line 2,M201,Product D,864,812,48,158,5.37
2025-10-04,Line 2,M202,Product A,818,667,18,117,6.05
2025-10-04,Line 3,M301,Product B,1107,955,53,63,6.95
2025-10-04,Line 3,M302,Product B,1147,1058,11,104,6.27
2025-10-04,Line 4,M401,Product C,808,679,25,138,5.7
2025-10-04,Line 4,M402,Product A,1158,1041,68,115,6.08
2025-10-05,Line 1,M101,Product D,980,838,42,119,6.02
2025-10-05,Line 1,M102,Product C,858,881,37,119,6.02
2025-10-05,Line 2,M201,Product C,890,815,18,148,5.53
2025-10-05,Line 2,M202,Product D,995,831,50,121,5.98
2025-10-05,Line 3,M301,Product C,1159,1084,22,32,7.47
2025-10-05,Line 3,M302,Product A,845,798,46,115,6.08
2025-10-05,Line 4,M401,Product A,1054,1027,79,35,7.42
2025-10-05,Line 4,M402,Product D,1057,977,13,180,5.0
2025-10-06,Line 1,M101,Product C,1015,825,57,126,5.9
2025-10-06,Line 1,M102,Product D,858,693,36,41,7.32
2025-10-06,Line 2,M201,Product C,1037,906,59,11,7.82
2025-10-06,Line 2,M202,Product C,1200,980,45,78,6.7
2025-10-06,Line 3,M301,Product C,957,958,62,71,6.82
2025-10-06,Line 3,M302,Product A,1012,768,8,49,7.18
2025-10-06,Line 4,M401,Product C,1065,1060,50,95,6.42
2025-10-06,Line 4,M402,Product B,1092,1144,41,152,5.47
2025-10-07,Line 1,M101,Product D,898,839,33,23,7.62
2025-10-07,Line 1,M102,Product D,865,892,57,54,7.1
2025-10-07,Line 2,M201,Product D,962,870,35,69,6.85
2025-10-07,Line 2,M202,Product A,1163,1151,75,40,7.33
2025-10-07,Line 3,M301,Product D,1190,1116,44,151,5.48
2025-10-07,Line 3,M302,Product B,965,782,12,16,7.73
2025-10-07,Line 4,M401,Product D,805,755,44,49,7.18
2025-10-07,Line 4,M402,Product A,1116,1073,20,156,5.4
2025-10-08,Line 1,M101,Product D,812,789,15,126,5.9
2025-10-08,Line 1,M102,Product C,895,735,21,86,6.57
2025-10-08,Line 2,M201,Product B,1074,1076,58,76,6.73
2025-10-08,Line 2,M202,Product A,940,728,16,170,5.17
2025-10-08,Line 3,M301,Product A,1126,1177,24,38,7.37
2025-10-08,Line 3,M302,Product D,1105,869,17,82,6.63
2025-10-08,Line 4,M401,Product C,892,693,37,102,6.3
2025-10-08,Line 4,M402,Product B,1000,780,57,15,7.75
2025-10-09,Line 1,M101,Product D,837,749,47,29,7.52
2025-10-09,Line 1,M102,Product B,1151,1008,50,172,5.13
2025-10-09,Line 2,M201,Product D,882,709,7,55,7.08
2025-10-09,Line 2,M202,Product A,860,896,52,133,5.78
2025-10-09,Line 3,M301,Product A,881,798,23,41,7.32
2025-10-09,Line 3,M302,Product B,1110,842,9,142,5.63
2025-10-09,Line 4,M401,Product B,910,919,23,65,6.92
2025-10-09,Line 4,M402,Product A,967,765,12,42,7.3
2025-10-10,Line 1,M101,Product C,940,840,13,99,6.35
2025-10-10,Line 1,M102,Product C,1039,1011,73,121,5.98
2025-10-10,Line 2,M201,Product D,898,740,19,81,6.65
2025-10-10,Line 2,M202,Product D,852,788,56,160,5.33
2025-10-10,Line 3,M301,Product C,884,873,69,134,5.77
2025-10-10,Line 3,M302,Product D,1028,901,43,91,6.48
2025-10-10,Line 4,M401,Product A,1110,960,34,155,5.42
2025-10-10,Line 4,M402,Product C,991,1010,18,125,5.92
2025-10-11,Line 1,M101,Product B,817,847,24,160,5.33
2025-10-11,Line 1,M102,Product D,950,884,64,175,5.08
2025-10-11,Line 2,M201,Product C,1003,761,18,92,6.47
2025-10-11,Line 2,M202,Product D,895,767,11,65,6.92
2025-10-11,Line 3,M301,Product C,990,785,27,41,7.32
2025-10-11,Line 3,M302,Product A,963,921,51,64,6.93
2025-10-11,Line 4,M401,Product D,1090,1077,39,153,5.45
2025-10-11,Line 4,M402,Product A,997,832,21,144,5.6
2025-10-12,Line 1,M101,Product B,852,782,52,165,5.25
2025-10-12,Line 1,M102,Product A,1093,1112,64,121,5.98
2025-10-12,Line 2,M201,Product C,963,779,10,136,5.73
2025-10-12,Line 2,M202,Product D,823,861,34,40,7.33
2025-10-12,Line 3,M301,Product A,1031,826,28,161,5.32
2025-10-12,Line 3,M302,Product D,921,850,26,14,7.77
2025-10-12,Line 4,M401,Product A,1036,865,61,113,6.12
2025-10-12,Line 4,M402,Product A,1073,1100,16,96,6.4
2025-10-13,Line 1,M101,Product A,835,743,58,116,6.07
2025-10-13,Line 1,M102,Product C,940,794,29,112,6.13
2025-10-13,Line 2,M201,Product A,1084,1064,73,166,5.23
2025-10-13,Line 2,M202,Product A,1001,840,37,136,5.73
2025-10-13,Line 3,M301,Product A,991,1022,23,17,7.72
2025-10-13,Line 3,M302,Product B,824,822,16,36,7.4
2025-10-13,Line 4,M401,Product C,1152,1114,39,53,7.12
2025-10-13,Line 4,M402,Product A,897,867,59,104,6.27
2025-10-14,Line 1,M101,Product A,1152,1163,44,21,7.65
2025-10-14,Line 1,M102,Product A,824,852,12,77,6.72
2025-10-14,Line 2,M201,Product C,1152,1075,58,79,6.68
2025-10-14,Line 2,M202,Product B,870,804,15,42,7.3
2025-10-14,Line 3,M301,Product C,875,853,64,115,6.08
2025-10-14,Line 3,M302,Product D,1142,898,38,157,5.38
2025-10-14,Line 4,M401,Product D,1138,1020,45,92,6.47
2025-10-14,Line 4,M402,Product D,915,711,56,85,6.58
2025-10-15,Line 1,M101,Product A,980,899,39,178,5.03
2025-10-15,Line 1,M102,Product B,1155,893,71,25,7.58
2025-10-15,Line 2,M201,Product B,806,766,36,108,6.2
2025-10-15,Line 2,M202,Product B,1049,819,21,161,5.32
2025-10-15,Line 3,M301,Product C,1189,1228,70,177,5.05
2025-10-15,Line 3,M302,Product B,1058,827,16,66,6.9
2025-10-15,Line 4,M401,Product C,997,1039,75,61,6.98
2025-10-15,Line 4,M402,Product D,896,690,33,52,7.13
2025-10-16,Line 1,M101,Product C,1095,1034,28,128,5.87
2025-10-16,Line 1,M102,Product A,1181,924,11,127,5.88
2025-10-16,Line 2,M201,Product B,936,710,49,145,5.58
2025-10-16,Line 2,M202,Product D,980,813,43,31,7.48
2025-10-16,Line 3,M301,Product C,1020,829,33,138,5.7
2025-10-16,Line 3,M302,Product D,1060,901,65,79,6.68
2025-10-16,Line 4,M401,Product C,850,650,30,118,6.03
2025-10-16,Line 4,M402,Product B,950,766,18,162,5.3
2025-10-17,Line 1,M101,Product C,1071,998,75,120,6.0
2025-10-17,Line 1,M102,Product A,1148,878,23,38,7.37
2025-10-17,Line 2,M201,Product B,858,657,8,157,5.38
2025-10-17,Line 2,M202,Product C,922,709,13,80,6.67
2025-10-17,Line 3,M301,Product B,1117,1072,61,110,6.17
2025-10-17,Line 3,M302,Product D,851,694,50,78,6.7
2025-10-17,Line 4,M401,Product D,905,725,20,98,6.37
2025-10-17,Line 4,M402,Product C,1161,1078,10,34,7.43
2025-10-18,Line 1,M101,Product B,1057,1080,71,88,6.53
2025-10-18,Line 1,M102,Product B,887,749,11,52,7.13
2025-10-18,Line 2,M201,Product B,970,989,27,13,7.78
2025-10-18,Line 2,M202,Product D,1019,866,19,77,6.72
2025-10-18,Line 3,M301,Product A,887,845,62,12,7.8
2025-10-18,Line 3,M302,Product C,1042,963,71,73,6.78
2025-10-18,Line 4,M401,Product D,856,653,7,155,5.42
2025-10-18,Line 4,M402,Product C,916,831,18,47,7.22
2025-10-19,Line 1,M101,Product A,851,716,54,95,6.42
2025-10-19,Line 1,M102,Product D,1051,1019,79,75,6.75
2025-10-19,Line 2,M201,Product D,929,798,7,100,6.33
2025-10-19,Line 2,M202,Product C,1163,988,75,179,5.02
2025-10-19,Line 3,M301,Product D,857,712,40,173,5.12
2025-10-19,Line 3,M302,Product A,875,913,37,178,5.03
2025-10-19,Line 4,M401,Product B,982,883,23,157,5.38
2025-10-19,Line 4,M402,Product D,984,798,12,59,7.02
2025-10-20,Line 1,M101,Product D,1127,881,25,170,5.17
2025-10-20,Line 1,M102,Product D,1069,857,66,99,6.35
2025-10-20,Line 2,M201,Product C,1000,926,44,89,6.52
2025-10-20,Line 2,M202,Product B,821,758,51,97,6.38
2025-10-20,Line 3,M301,Product A,1021,1009,54,83,6.62
2025-10-20,Line 3,M302,Product A,804,723,50,47,7.22
2025-10-20,Line 4,M401,Product D,1148,912,46,169,5.18
2025-10-20,Line 4,M402,Product B,955,855,12,85,6.58
2025-10-21,Line 1,M101,Product A,1032,786,25,161,5.32
2025-10-21,Line 1,M102,Product A,827,741,7,120,6.0
2025-10-21,Line 2,M201,Product C,1138,1138,17,74,6.77
2025-10-21,Line 2,M202,Product B,979,992,73,180,5.0
2025-10-21,Line 3,M301,Product B,844,813,17,60,7.0
2025-10-21,Line 3,M302,Product D,1099,1127,48,66,6.9
2025-10-21,Line 4,M401,Product A,1042,1073,41,173,5.12
2025-10-21,Line 4,M402,Product D,1016,883,65,35,7.42
2025-10-22,Line 1,M101,Product C,954,886,19,154,5.43
2025-10-22,Line 1,M102,Product D,1147,1161,85,45,7.25
2025-10-22,Line 2,M201,Product B,928,733,42,61,6.98
2025-10-22,Line 2,M202,Product C,956,741,43,170,5.17
2025-10-22,Line 3,M301,Product D,1079,868,58,121,5.98
2025-10-22,Line 3,M302,Product A,870,789,51,90,6.5
2025-10-22,Line 4,M401,Product C,1039,889,67,117,6.05
2025-10-22,Line 4,M402,Product D,1036,785,42,16,7.73
2025-10-23,Line 1,M101,Product D,845,825,47,87,6.55
2025-10-23,Line 1,M102,Product B,1097,991,25,168,5.2
2025-10-23,Line 2,M201,Product C,827,807,33,42,7.3
2025-10-23,Line 2,M202,Product D,1143,859,59,142,5.63
2025-10-23,Line 3,M301,Product D,827,641,23,176,5.07
2025-10-23,Line 3,M302,Product A,970,900,46,154,5.43
2025-10-23,Line 4,M401,Product D,1153,979,16,41,7.32
2025-10-23,Line 4,M402,Product A,1159,940,27,153,5.45
2025-10-24,Line 1,M101,Product D,869,710,50,173,5.12
2025-10-24,Line 1,M102,Product B,954,895,8,134,5.77
2025-10-24,Line 2,M201,Product B,858,660,15,164,5.27
2025-10-24,Line 2,M202,Product A,1066,830,21,36,7.4
2025-10-24,Line 3,M301,Product D,812,811,36,110,6.17
2025-10-24,Line 3,M302,Product A,862,724,37,57,7.05
2025-10-24,Line 4,M401,Product B,1079,893,64,178,5.03
2025-10-24,Line 4,M402,Product A,1021,810,9,57,7.05
2025-10-25,Line 1,M101,Product B,1181,1118,32,140,5.67
2025-10-25,Line 1,M102,Product B,1043,932,46,180,5.0
2025-10-25,Line 2,M201,Product A,1101,988,44,110,6.17
2025-10-25,Line 2,M202,Product D,1157,1145,70,116,6.07
2025-10-25,Line 3,M301,Product D,875,663,35,40,7.33
2025-10-25,Line 3,M302,Product D,805,743,9,175,5.08
2025-10-25,Line 4,M401,Product D,821,839,30,45,7.25
2025-10-25,Line 4,M402,Product D,1170,1038,11,50,7.17
2025-10-26,Line 1,M101,Product C,1056,1063,74,63,6.95
2025-10-26,Line 1,M102,Product C,1161,1053,75,26,7.57
2025-10-26,Line 2,M201,Product B,1135,902,52,127,5.88
2025-10-26,Line 2,M202,Product B,942,928,47,110,6.17
2025-10-26,Line 3,M301,Product A,1130,1011,70,165,5.25
2025-10-26,Line 3,M302,Product B,1094,1053,74,178,5.03
2025-10-26,Line 4,M401,Product C,866,830,45,158,5.37
2025-10-26,Line 4,M402,Product C,1099,1027,61,27,7.55
2025-10-27,Line 1,M101,Product A,815,819,18,69,6.85
2025-10-27,Line 1,M102,Product A,1140,891,68,92,6.47
2025-10-27,Line 2,M201,Product B,1195,1186,41,36,7.4
2025-10-27,Line 2,M202,Product B,1172,1192,64,26,7.57
2025-10-27,Line 3,M301,Product A,1113,918,13,28,7.53
2025-10-27,Line 3,M302,Product D,1190,1026,13,54,7.1
2025-10-27,Line 4,M401,Product C,855,820,32,44,7.27
2025-10-27,Line 4,M402,Product B,900,743,35,83,6.62
2025-10-28,Line 1,M101,Product B,903,878,35,145,5.58
2025-10-28,Line 1,M102,Product B,844,780,47,34,7.43
2025-10-28,Line 2,M201,Product B,817,811,8,102,6.3
2025-10-28,Line 2,M202,Product D,1090,996,18,97,6.38
2025-10-28,Line 3,M301,Product B,1149,1113,78,137,5.72
2025-10-28,Line 3,M302,Product B,906,834,38,138,5.7
2025-10-28,Line 4,M401,Product C,982,918,26,27,7.55
2025-10-28,Line 4,M402,Product D,1018,954,18,155,5.42
2025-10-29,Line 1,M101,Product A,865,851,27,35,7.42
2025-10-29,Line 1,M102,Product A,1055,864,46,148,5.53
2025-10-29,Line 2,M201,Product C,811,662,24,74,6.77
2025-10-29,Line 2,M202,Product D,1160,994,29,83,6.62
2025-10-29,Line 3,M301,Product A,1073,989,75,166,5.23
2025-10-29,Line 3,M302,Product C,1004,939,23,159,5.35
2025-10-29,Line 4,M401,Product D,934,883,10,96,6.4
2025-10-29,Line 4,M402,Product D,933,755,55,25,7.58
2025-10-30,Line 1,M101,Product B,904,826,54,94,6.43
2025-10-30,Line 1,M102,Product A,920,826,59,154,5.43
2025-10-30,Line 2,M201,Product A,977,1020,63,163,5.28
2025-10-30,Line 2,M202,Product A,1082,966,25,79,6.68
2025-10-30,Line 3,M301,Product A,853,648,38,67,6.88
2025-10-30,Line 3,M302,Product C,1020,911,38,15,7.75
2025-10-30,Line 4,M401,Product A,813,798,58,60,7.0
2025-10-30,Line 4,M402,Product D,1149,1097,12,151,5.48
2025-10-31,Line 1,M101,Product D,826,715,31,42,7.3
2025-10-31,Line 1,M102,Product D,1159,1017,27,39,7.35
2025-10-31,Line 2,M201,Product D,860,876,70,104,6.27
2025-10-31,Line 2,M202,Product C,899,766,10,70,6.83
2025-10-31,Line 3,M301,Product B,847,784,21,115,6.08
2025-10-31,Line 3,M302,Product A,807,816,23,24,7.6
2025-10-31,Line 4,M401,Product A,829,653,17,82,6.63
2025-10-31,Line 4,M402,Product A,960,820,49,72,6.8
2025-11-01,Line 1,M101,Product C,866,806,38,178,5.03
2025-11-01,Line 1,M102,Product A,1136,878,24,149,5.52
2025-11-01,Line 2,M201,Product B,1053,1012,55,66,6.9
2025-11-01,Line 2,M202,Product D,1165,979,55,151,5.48
2025-11-01,Line 3,M301,Product C,1134,933,43,91,6.48
2025-11-01,Line 3,M302,Product A,827,706,33,169,5.18
2025-11-01,Line 4,M401,Product D,943,729,15,143,5.62
2025-11-01,Line 4,M402,Product B,956,929,35,41,7.32
2025-11-02,Line 1,M101,Product C,1171,1165,29,19,7.68
2025-11-02,Line 1,M102,Product B,1157,1020,68,39,7.35
2025-11-02,Line 2,M201,Product A,1055,1055,44,81,6.65
2025-11-02,Line 2,M202,Product D,953,951,19,25,7.58
2025-11-02,Line 3,M301,Product C,1112,962,11,107,6.22
2025-11-02,Line 3,M302,Product D,1027,783,20,107,6.22
2025-11-02,Line 4,M401,Product B,1137,999,15,179,5.02
2025-11-02,Line 4,M402,Product C,816,744,29,16,7.73
2025-11-03,Line 1,M101,Product C,934,927,36,17,7.72
2025-11-03,Line 1,M102,Product C,1171,1169,66,119,6.02
2025-11-03,Line 2,M201,Product A,855,783,53,83,6.62
2025-11-03,Line 2,M202,Product D,1017,937,42,51,7.15
2025-11-03,Line 3,M301,Product D,1039,1011,40,43,7.28
2025-11-03,Line 3,M302,Product A,943,933,44,31,7.48
2025-11-03,Line 4,M401,Product B,1194,1089,53,156,5.4
2025-11-03,Line 4,M402,Product D,819,765,30,78,6.7
2025-11-04,Line 1,M101,Product C,1200,1135,88,13,7.78
2025-11-04,Line 1,M102,Product A,957,880,28,77,6.72
2025-11-04,Line 2,M201,Product B,1027,912,65,12,7.8
2025-11-04,Line 2,M202,Product D,818,850,38,173,5.12
2025-11-04,Line 3,M301,Product B,1009,774,12,80,6.67
2025-11-04,Line 3,M302,Product C,832,733,23,80,6.67
2025-11-04,Line 4,M401,Product C,1053,829,48,54,7.1
2025-11-04,Line 4,M402,Product B,1116,1056,39,39,7.35
2025-11-05,Line 1,M101,Product A,894,854,63,122,5.97
2025-11-05,Line 1,M102,Product C,821,752,21,25,7.58
2025-11-05,Line 2,M201,Product C,931,702,29,148,5.53
2025-11-05,Line 2,M202,Product A,1107,908,22,29,7.52
2025-11-05,Line 3,M301,Product D,857,774,22,62,6.97
2025-11-05,Line 3,M302,Product C,1092,940,62,28,7.53
2025-11-05,Line 4,M401,Product D,944,748,27,165,5.25
2025-11-05,Line 4,M402,Product C,971,1012,57,130,5.83
2025-11-06,Line 1,M101,Product C,1118,848,31,21,7.65
2025-11-06,Line 1,M102,Product C,876,896,11,37,7.38
2025-11-06,Line 2,M201,Product B,960,867,57,140,5.67
2025-11-06,Line 2,M202,Product C,910,785,44,18,7.7
2025-11-06,Line 3,M301,Product B,995,973,19,29,7.52
2025-11-06,Line 3,M302,Product B,1089,981,62,147,5.55
2025-11-06,Line 4,M401,Product A,1070,1058,70,178,5.03
2025-11-06,Line 4,M402,Product D,962,799,60,157,5.38
2025-11-07,Line 1,M101,Product C,924,784,58,102,6.3
2025-11-07,Line 1,M102,Product B,1033,872,15,71,6.82
2025-11-07,Line 2,M201,Product D,1175,1218,64,102,6.3
2025-11-07,Line 2,M202,Product A,980,899,17,102,6.3
2025-11-07,Line 3,M301,Product D,1109,908,62,68,6.87
2025-11-07,Line 3,M302,Product B,1075,885,66,114,6.1
2025-11-07,Line 4,M401,Product B,1110,919,45,97,6.38
2025-11-07,Line 4,M402,Product C,860,666,32,139,5.68
2025-11-08,Line 1,M101,Product B,1094,982,34,56,7.07
2025-11-08,Line 1,M102,Product D,807,645,32,77,6.72
2025-11-08,Line 2,M201,Product D,1180,920,13,120,6.0
2025-11-08,Line 2,M202,Product A,1153,922,18,43,7.28
2025-11-08,Line 3,M301,Product D,1016,870,33,152,5.47
2025-11-08,Line 3,M302,Product B,1164,975,52,96,6.4
2025-11-08,Line 4,M401,Product A,1169,892,53,124,5.93
2025-11-08,Line 4,M402,Product D,1122,992,64,84,6.6
2025-11-09,Line 1,M101,Product D,1158,915,32,160,5.33
2025-11-09,Line 1,M102,Product A,877,893,55,176,5.07
2025-11-09,Line 2,M201,Product D,994,841,19,140,5.67
2025-11-09,Line 2,M202,Product C,1195,930,47,136,5.73
2025-11-09,Line 3,M301,Product C,824,757,40,158,5.37
2025-11-09,Line 3,M302,Product D,946,801,28,55,7.08
2025-11-09,Line 4,M401,Product B,821,816,55,63,6.95
2025-11-09,Line 4,M402,Product D,1065,887,64,167,5.22
2025-11-10,Line 1,M101,Product C,850,726,17,40,7.33
2025-11-10,Line 1,M102,Product C,940,842,22,53,7.12
2025-11-10,Line 2,M201,Product C,932,975,22,69,6.85
2025-11-10,Line 2,M202,Product C,872,679,41,140,5.67
2025-11-10,Line 3,M301,Product B,814,756,9,148,5.53
2025-11-10,Line 3,M302,Product B,803,719,8,104,6.27
2025-11-10,Line 4,M401,Product B,944,974,63,123,5.95
2025-11-10,Line 4,M402,Product B,1032,865,15,40,7.33
2025-11-11,Line 1,M101,Product D,1021,916,20,45,7.25
2025-11-11,Line 1,M102,Product C,1174,1116,56,30,7.5
2025-11-11,Line 2,M201,Product B,1172,905,29,139,5.68
2025-11-11,Line 2,M202,Product C,941,833,55,141,5.65
2025-11-11,Line 3,M301,Product A,1161,1110,15,120,6.0
2025-11-11,Line 3,M302,Product A,1161,1147,51,58,7.03
2025-11-11,Line 4,M401,Product A,1124,1054,41,45,7.25
2025-11-11,Line 4,M402,Product D,912,868,24,130,5.83
2025-11-12,Line 1,M101,Product B,1048,1041,73,82,6.63
2025-11-12,Line 1,M102,Product B,901,847,13,142,5.63
2025-11-12,Line 2,M201,Product B,801,705,38,152,5.47
2025-11-12,Line 2,M202,Product B,1163,934,62,77,6.72
2025-11-12,Line 3,M301,Product D,1123,1038,54,133,5.78
2025-11-12,Line 3,M302,Product B,953,955,46,134,5.77
2025-11-12,Line 4,M401,Product D,1122,973,54,149,5.52
2025-11-12,Line 4,M402,Product D,951,740,14,83,6.62
2025-11-13,Line 1,M101,Product D,1028,871,50,118,6.03
2025-11-13,Line 1,M102,Product A,890,791,27,179,5.02
2025-11-13,Line 2,M201,Product A,977,937,25,133,5.78
2025-11-13,Line 2,M202,Product D,1107,967,39,17,7.72
2025-11-13,Line 3,M301,Product C,937,845,64,114,6.1
2025-11-13,Line 3,M302,Product A,1087,1066,43,91,6.48
2025-11-13,Line 4,M401,Product D,1000,992,63,112,6.13
2025-11-13,Line 4,M402,Product C,827,686,52,66,6.9
2025-11-14,Line 1,M101,Product C,1125,1120,50,124,5.93
2025-11-14,Line 1,M102,Product D,913,841,18,147,5.55
2025-11-14,Line 2,M201,Product B,1199,1124,89,166,5.23
2025-11-14,Line 2,M202,Product C,866,806,9,15,7.75
2025-11-14,Line 3,M301,Product D,846,832,29,100,6.33
2025-11-14,Line 3,M302,Product A,1135,868,21,102,6.3
2025-11-14,Line 4,M401,Product B,880,881,33,68,6.87
2025-11-14,Line 4,M402,Product C,882,902,51,115,6.08
2025-11-15,Line 1,M101,Product B,1083,1050,11,19,7.68
2025-11-15,Line 1,M102,Product A,1186,1224,25,138,5.7
2025-11-15,Line 2,M201,Product D,1048,799,25,87,6.55
2025-11-15,Line 2,M202,Product A,917,861,52,73,6.78
2025-11-15,Line 3,M301,Product A,939,915,57,177,5.05
2025-11-15,Line 3,M302,Product D,867,863,64,79,6.68
2025-11-15,Line 4,M401,Product A,839,647,51,116,6.07
2025-11-15,Line 4,M402,Product A,807,785,41,164,5.27
2025-11-16,Line 1,M101,Product B,848,823,58,110,6.17
2025-11-16,Line 1,M102,Product B,1110,1118,52,118,6.03
2025-11-16,Line 2,M201,Product A,954,793,19,35,7.42
2025-11-16,Line 2,M202,Product C,1135,1047,58,84,6.6
2025-11-16,Line 3,M301,Product D,847,691,32,153,5.45
2025-11-16,Line 3,M302,Product C,1047,874,52,146,5.57
2025-11-16,Line 4,M401,Product B,995,751,38,110,6.17
2025-11-16,Line 4,M402,Product C,1190,1087,23,125,5.92
2025-11-17,Line 1,M101,Product B,1095,1141,61,69,6.85
2025-11-17,Line 1,M102,Product D,989,883,14,174,5.1
2025-11-17,Line 2,M201,Product C,970,769,47,31,7.48
2025-11-17,Line 2,M202,Product A,1087,870,63,135,5.75
2025-11-17,Line 3,M301,Product B,842,667,45,131,5.82
2025-11-17,Line 3,M302,Product B,830,813,24,115,6.08
2025-11-17,Line 4,M401,Product C,1179,1003,29,19,7.68
2025-11-17,Line 4,M402,Product C,1152,1059,62,11,7.82
2025-11-18,Line 1,M101,Product C,1153,937,71,149,5.52
2025-11-18,Line 1,M102,Product D,960,996,39,92,6.47
2025-11-18,Line 2,M201,Product D,1162,1039,81,30,7.5
2025-11-18,Line 2,M202,Product A,1017,976,57,42,7.3
2025-11-18,Line 3,M301,Product A,882,799,14,52,7.13
2025-11-18,Line 3,M302,Product B,1024,1035,24,19,7.68
2025-11-18,Line 4,M401,Product D,1053,843,59,144,5.6
2025-11-18,Line 4,M402,Product D,871,848,43,117,6.05
2025-11-19,Line 1,M101,Product D,804,674,33,85,6.58
2025-11-19,Line 1,M102,Product C,1067,903,56,154,5.43
2025-11-19,Line 2,M201,Product B,872,729,50,62,6.97
2025-11-19,Line 2,M202,Product C,1065,991,69,128,5.87
2025-11-19,Line 3,M301,Product B,969,996,26,52,7.13
2025-11-19,Line 3,M302,Product D,805,680,17,48,7.2
2025-11-19,Line 4,M401,Product D,834,874,8,89,6.52
2025-11-19,Line 4,M402,Product B,902,864,42,127,5.88
2025-11-20,Line 1,M101,Product C,848,651,35,162,5.3
2025-11-20,Line 1,M102,Product B,834,713,42,67,6.88
2025-11-20,Line 2,M201,Product C,1121,845,20,80,6.67
2025-11-20,Line 2,M202,Product C,1018,941,48,104,6.27
2025-11-20,Line 3,M301,Product D,930,854,49,178,5.03
2025-11-20,Line 3,M302,Product B,839,778,13,65,6.92
2025-11-20,Line 4,M401,Product C,891,738,13,42,7.3
2025-11-20,Line 4,M402,Product D,969,894,43,167,5.22
2025-11-21,Line 1,M101,Product D,907,725,57,69,6.85
2025-11-21,Line 1,M102,Product B,846,870,47,47,7.22
2025-11-21,Line 2,M201,Product B,884,789,7,92,6.47
2025-11-21,Line 2,M202,Product A,826,653,34,118,6.03
2025-11-21,Line 3,M301,Product D,967,813,56,40,7.33
2025-11-21,Line 3,M302,Product B,1086,942,58,131,5.82
2025-11-21,Line 4,M401,Product C,959,960,49,145,5.58
2025-11-21,Line 4,M402,Product A,1109,1111,32,172,5.13
2025-11-22,Line 1,M101,Product C,1164,922,64,153,5.45
2025-11-22,Line 1,M102,Product D,1050,1006,42,40,7.33
2025-11-22,Line 2,M201,Product D,1133,968,12,103,6.28
2025-11-22,Line 2,M202,Product D,1194,1135,65,64,6.93
2025-11-22,Line 3,M301,Product B,995,857,67,12,7.8
2025-11-22,Line 3,M302,Product B,1026,880,20,11,7.82
2025-11-22,Line 4,M401,Product C,968,753,30,74,6.77
2025-11-22,Line 4,M402,Product A,1110,923,44,174,5.1
2025-11-23,Line 1,M101,Product D,1003,765,51,74,6.77
2025-11-23,Line 1,M102,Product C,1120,859,44,17,7.72
2025-11-23,Line 2,M201,Product D,1111,1043,72,54,7.1
2025-11-23,Line 2,M202,Product D,1183,1197,80,36,7.4
2025-11-23,Line 3,M301,Product A,989,750,52,49,7.18
2025-11-23,Line 3,M302,Product B,867,671,13,24,7.6
2025-11-23,Line 4,M401,Product D,1126,1084,50,34,7.43
2025-11-23,Line 4,M402,Product C,899,850,55,14,7.77
2025-11-24,Line 1,M101,Product C,1144,1149,51,53,7.12
2025-11-24,Line 1,M102,Product C,1064,802,50,113,6.12
2025-11-24,Line 2,M201,Product D,1141,1084,18,59,7.02
2025-11-24,Line 2,M202,Product B,1173,973,31,123,5.95
2025-11-24,Line 3,M301,Product A,941,877,52,139,5.68
2025-11-24,Line 3,M302,Product D,888,835,61,10,7.83
2025-11-24,Line 4,M401,Product C,940,863,15,97,6.38
2025-11-24,Line 4,M402,Product D,1090,1090,21,154,5.43
2025-11-25,Line 1,M101,Product D,845,663,11,56,7.07
2025-11-25,Line 1,M102,Product A,895,756,47,15,7.75
2025-11-25,Line 2,M201,Product B,805,656,29,127,5.88
2025-11-25,Line 2,M202,Product A,1170,1208,51,174,5.1
2025-11-25,Line 3,M301,Product B,1182,1154,27,89,6.52
2025-11-25,Line 3,M302,Product A,994,956,31,81,6.65
2025-11-25,Line 4,M401,Product B,1089,919,37,58,7.03
2025-11-25,Line 4,M402,Product C,902,724,25,76,6.73
2025-11-26,Line 1,M101,Product D,935,727,29,158,5.37
2025-11-26,Line 1,M102,Product C,978,960,75,125,5.92
2025-11-26,Line 2,M201,Product B,818,846,45,108,6.2
2025-11-26,Line 2,M202,Product B,1075,989,64,98,6.37
2025-11-26,Line 3,M301,Product C,906,772,39,151,5.48
2025-11-26,Line 3,M302,Product C,846,764,20,76,6.73
2025-11-26,Line 4,M401,Product B,1039,860,67,39,7.35
2025-11-26,Line 4,M402,Product B,1043,825,45,92,6.47
2025-11-27,Line 1,M101,Product C,1088,939,13,92,6.47
2025-11-27,Line 1,M102,Product A,1122,962,10,50,7.17
2025-11-27,Line 2,M201,Product D,1043,886,49,35,7.42
2025-11-27,Line 2,M202,Product B,983,827,37,149,5.52
2025-11-27,Line 3,M301,Product B,1185,896,66,161,5.32
2025-11-27,Line 3,M302,Product D,1174,1021,41,74,6.77
2025-11-27,Line 4,M401,Product C,1107,942,60,86,6.57
2025-11-27,Line 4,M402,Product A,919,899,21,117,6.05
2025-11-28,Line 1,M101,Product D,1196,993,60,161,5.32
2025-11-28,Line 1,M102,Product A,883,797,26,162,5.3
2025-11-28,Line 2,M201,Product B,1090,1063,26,179,5.02
2025-11-28,Line 2,M202,Product C,827,860,27,46,7.23
2025-11-28,Line 3,M301,Product C,1034,898,66,10,7.83
2025-11-28,Line 3,M302,Product B,902,915,47,88,6.53
2025-11-28,Line 4,M401,Product A,894,733,20,121,5.98
2025-11-28,Line 4,M402,Product A,1170,963,56,11,7.82
2025-11-29,Line 1,M101,Product D,881,751,37,150,5.5
2025-11-29,Line 1,M102,Product D,1157,941,69,106,6.23
2025-11-29,Line 2,M201,Product D,1161,955,21,109,6.18
2025-11-29,Line 2,M202,Product B,962,941,26,112,6.13
2025-11-29,Line 3,M301,Product C,944,940,63,162,5.3
2025-11-29,Line 3,M302,Product D,1073,827,39,160,5.33
2025-11-29,Line 4,M401,Product A,913,927,31,70,6.83
2025-11-29,Line 4,M402,Product C,985,839,60,10,7.83
2025-11-30,Line 1,M101,Product D,839,791,15,137,5.72
2025-11-30,Line 1,M102,Product B,822,668,33,33,7.45
2025-11-30,Line 2,M201,Product C,996,942,63,48,7.2
2025-11-30,Line 2,M202,Product C,959,830,60,133,5.78
2025-11-30,Line 3,M301,Product A,933,968,62,55,7.08
2025-11-30,Line 3,M302,Product B,1003,957,22,129,5.85
2025-11-30,Line 4,M401,Product A,977,933,21,177,5.05
2025-11-30,Line 4,M402,Product D,806,643,14,157,5.38
2025-12-01,Line 1,M101,Product D,1151,1020,72,177,5.05
2025-12-01,Line 1,M102,Product D,1016,997,47,118,6.03
2025-12-01,Line 2,M201,Product C,1179,1108,88,125,5.92
2025-12-01,Line 2,M202,Product C,1199,1069,52,146,5.57
2025-12-01,Line 3,M301,Product C,857,844,35,146,5.57
2025-12-01,Line 3,M302,Product D,1145,886,8,96,6.4
2025-12-01,Line 4,M401,Product C,901,814,47,126,5.9
2025-12-01,Line 4,M402,Product D,824,732,9,41,7.32
2025-12-02,Line 1,M101,Product D,1035,890,55,74,6.77
2025-12-02,Line 1,M102,Product D,972,925,12,148,5.53
2025-12-02,Line 2,M201,Product C,891,746,33,14,7.77
2025-12-02,Line 2,M202,Product D,966,810,10,162,5.3
2025-12-02,Line 3,M301,Product A,982,952,59,73,6.78
2025-12-02,Line 3,M302,Product B,843,767,15,47,7.22
2025-12-02,Line 4,M401,Product D,1020,1038,54,127,5.88
2025-12-02,Line 4,M402,Product B,1175,1170,83,127,5.88
2025-12-03,Line 1,M101,Product A,839,711,9,47,7.22
2025-12-03,Line 1,M102,Product A,995,899,18,96,6.4
2025-12-03,Line 2,M201,Product C,1016,884,19,75,6.75
2025-12-03,Line 2,M202,Product A,1021,1061,34,156,5.4
2025-12-03,Line 3,M301,Product C,955,892,39,22,7.63
2025-12-03,Line 3,M302,Product C,1093,974,64,80,6.67
2025-12-03,Line 4,M401,Product B,941,847,10,164,5.27
2025-12-03,Line 4,M402,Product D,892,850,25,11,7.82
2025-12-04,Line 1,M101,Product D,906,684,32,178,5.03
2025-12-04,Line 1,M102,Product B,940,780,45,172,5.13
2025-12-04,Line 2,M201,Product C,849,693,7,93,6.45
2025-12-04,Line 2,M202,Product B,832,776,53,165,5.25
2025-12-04,Line 3,M301,Product D,1101,964,51,148,5.53
2025-12-04,Line 3,M302,Product D,1043,1073,11,97,6.38
2025-12-04,Line 4,M401,Product C,963,822,36,48,7.2
2025-12-04,Line 4,M402,Product D,1180,1061,78,53,7.12
2025-12-05,Line 1,M101,Product D,930,809,50,156,5.4
2025-12-05,Line 1,M102,Product A,1123,1006,54,31,7.48
2025-12-05,Line 2,M201,Product B,1182,1235,59,87,6.55
2025-12-05,Line 2,M202,Product C,1184,1000,69,17,7.72
2025-12-05,Line 3,M301,Product B,1119,1035,55,154,5.43
2025-12-05,Line 3,M302,Product D,1012,1061,12,82,6.63
2025-12-05,Line 4,M401,Product D,920,793,41,43,7.28
2025-12-05,Line 4,M402,Product D,1110,1148,26,34,7.43
2025-12-06,Line 1,M101,Product D,911,740,14,156,5.4
2025-12-06,Line 1,M102,Product C,891,899,59,150,5.5
2025-12-06,Line 2,M201,Product D,980,955,62,163,5.28
2025-12-06,Line 2,M202,Product C,963,944,22,180,5.0
2025-12-06,Line 3,M301,Product C,1057,962,59,67,6.88
2025-12-06,Line 3,M302,Product D,1053,1028,46,125,5.92
2025-12-06,Line 4,M401,Product B,890,774,7,146,5.57
2025-12-06,Line 4,M402,Product C,1190,1058,32,35,7.42
2025-12-07,Line 1,M101,Product D,1097,1037,63,115,6.08
2025-12-07,Line 1,M102,Product B,1125,853,22,45,7.25
2025-12-07,Line 2,M201,Product A,1106,1018,62,15,7.75
2025-12-07,Line 2,M202,Product C,1112,917,69,33,7.45
2025-12-07,Line 3,M301,Product C,811,789,63,177,5.05
2025-12-07,Line 3,M302,Product D,1082,977,33,51,7.15
2025-12-07,Line 4,M401,Product D,988,955,39,54,7.1
2025-12-07,Line 4,M402,Product D,1164,1194,52,43,7.28
2025-12-08,Line 1,M101,Product C,833,848,21,157,5.38
2025-12-08,Line 1,M102,Product D,1035,852,46,123,5.95
2025-12-08,Line 2,M201,Product B,890,927,73,174,5.1
2025-12-08,Line 2,M202,Product A,1109,1110,31,72,6.8
2025-12-08,Line 3,M301,Product D,1169,1214,12,18,7.7
2025-12-08,Line 3,M302,Product D,1066,1117,60,28,7.53
2025-12-08,Line 4,M401,Product D,933,947,24,165,5.25
2025-12-08,Line 4,M402,Product A,1024,915,16,84,6.6
2025-12-09,Line 1,M101,Product D,1171,1148,57,112,6.13
2025-12-09,Line 1,M102,Product D,1019,1004,23,47,7.22
2025-12-09,Line 2,M201,Product C,1188,1185,25,53,7.12
2025-12-09,Line 2,M202,Product C,1011,957,27,72,6.8
2025-12-09,Line 3,M301,Product D,907,752,28,174,5.1
2025-12-09,Line 3,M302,Product A,1034,1054,72,72,6.8
2025-12-09,Line 4,M401,Product C,975,817,36,94,6.43
2025-12-09,Line 4,M402,Product D,1158,958,44,162,5.3
2025-12-10,Line 1,M101,Product A,1189,941,75,83,6.62
2025-12-10,Line 1,M102,Product A,913,925,55,84,6.6
2025-12-10,Line 2,M201,Product C,1166,929,48,131,5.82
2025-12-10,Line 2,M202,Product D,1144,959,25,47,7.22
2025-12-10,Line 3,M301,Product C,996,823,22,17,7.72
2025-12-10,Line 3,M302,Product B,1098,923,10,76,6.73
2025-12-10,Line 4,M401,Product C,1169,1055,76,113,6.12
2025-12-10,Line 4,M402,Product D,1116,1138,55,174,5.1
2025-12-11,Line 1,M101,Product B,1100,1106,51,143,5.62
2025-12-11,Line 1,M102,Product C,993,1002,72,175,5.08
2025-12-11,Line 2,M201,Product B,1068,955,70,107,6.22
2025-12-11,Line 2,M202,Product A,1142,1180,54,67,6.88
2025-12-11,Line 3,M301,Product C,905,739,24,165,5.25
2025-12-11,Line 3,M302,Product A,1132,915,72,127,5.88
2025-12-11,Line 4,M401,Product A,1182,1186,78,68,6.87
2025-12-11,Line 4,M402,Product B,986,935,60,170,5.17
2025-12-12,Line 1,M101,Product A,968,873,25,151,5.48
2025-12-12,Line 1,M102,Product A,828,731,40,73,6.78
2025-12-12,Line 2,M201,Product B,931,920,32,176,5.07
2025-12-12,Line 2,M202,Product B,916,876,37,55,7.08
2025-12-12,Line 3,M301,Product A,1111,921,44,33,7.45
2025-12-12,Line 3,M302,Product B,1175,1174,19,43,7.28
2025-12-12,Line 4,M401,Product C,831,675,21,159,5.35
2025-12-12,Line 4,M402,Product D,1037,808,64,23,7.62
2025-12-13,Line 1,M101,Product C,1124,867,38,39,7.35
2025-12-13,Line 1,M102,Product D,842,751,13,148,5.53
2025-12-13,Line 2,M201,Product B,1106,991,10,158,5.37
2025-12-13,Line 2,M202,Product D,857,827,36,174,5.1
2025-12-13,Line 3,M301,Product B,1101,1091,68,10,7.83
2025-12-13,Line 3,M302,Product C,1186,1034,44,136,5.73
2025-12-13,Line 4,M401,Product B,968,873,40,82,6.63
2025-12-13,Line 4,M402,Product C,935,944,40,97,6.38
2025-12-14,Line 1,M101,Product C,1147,1053,49,170,5.17
2025-12-14,Line 1,M102,Product D,857,893,31,134,5.77
2025-12-14,Line 2,M201,Product A,963,980,74,130,5.83
2025-12-14,Line 2,M202,Product D,883,709,55,120,6.0
2025-12-14,Line 3,M301,Product C,848,871,36,97,6.38
2025-12-14,Line 3,M302,Product B,899,884,56,69,6.85
2025-12-14,Line 4,M401,Product B,957,861,28,145,5.58
2025-12-14,Line 4,M402,Product D,852,814,47,63,6.95
2025-12-15,Line 1,M101,Product B,965,769,56,111,6.15
2025-12-15,Line 1,M102,Product B,880,821,18,93,6.45
2025-12-15,Line 2,M201,Product D,1134,1052,63,78,6.7
2025-12-15,Line 2,M202,Product B,934,832,62,87,6.55
2025-12-15,Line 3,M301,Product C,874,735,53,100,6.33
2025-12-15,Line 3,M302,Product C,1030,867,44,110,6.17
2025-12-15,Line 4,M401,Product D,802,784,32,24,7.6
2025-12-15,Line 4,M402,Product D,981,925,26,126,5.9
2025-12-16,Line 1,M101,Product C,809,805,20,63,6.95
2025-12-16,Line 1,M102,Product C,950,949,12,92,6.47
2025-12-16,Line 2,M201,Product D,995,843,43,61,6.98
2025-12-16,Line 2,M202,Product B,1116,1005,45,37,7.38
2025-12-16,Line 3,M301,Product A,924,737,53,132,5.8
2025-12-16,Line 3,M302,Product D,823,810,32,134,5.77
2025-12-16,Line 4,M401,Product B,943,986,57,25,7.58
2025-12-16,Line 4,M402,Product A,828,779,24,147,5.55
2025-12-17,Line 1,M101,Product C,1024,1051,24,130,5.83
2025-12-17,Line 1,M102,Product B,1183,913,61,48,7.2
2025-12-17,Line 2,M201,Product B,1101,924,34,153,5.45
2025-12-17,Line 2,M202,Product A,1024,843,44,149,5.52
2025-12-17,Line 3,M301,Product C,1085,986,46,15,7.75
2025-12-17,Line 3,M302,Product B,1195,1172,51,102,6.3
2025-12-17,Line 4,M401,Product D,1182,1200,35,92,6.47
2025-12-17,Line 4,M402,Product D,916,813,29,60,7.0
2025-12-18,Line 1,M101,Product C,930,865,67,15,7.75
2025-12-18,Line 1,M102,Product B,861,811,35,111,6.15
2025-12-18,Line 2,M201,Product D,824,823,11,141,5.65
2025-12-18,Line 2,M202,Product C,808,743,9,139,5.68
2025-12-18,Line 3,M301,Product C,1075,964,51,172,5.13
2025-12-18,Line 3,M302,Product A,1176,908,20,152,5.47
2025-12-18,Line 4,M401,Product A,1072,854,40,32,7.47
2025-12-18,Line 4,M402,Product D,1112,1050,34,28,7.53
2025-12-19,Line 1,M101,Product D,941,837,64,48,7.2
2025-12-19,Line 1,M102,Product C,837,673,42,96,6.4
2025-12-19,Line 2,M201,Product D,1070,1053,65,15,7.75
2025-12-19,Line 2,M202,Product D,1094,916,58,14,7.77
2025-12-19,Line 3,M301,Product A,915,774,16,76,6.73
2025-12-19,Line 3,M302,Product B,1099,1046,51,146,5.57
2025-12-19,Line 4,M401,Product D,1134,1076,83,100,6.33
2025-12-19,Line 4,M402,Product B,896,879,21,88,6.53
2025-12-20,Line 1,M101,Product B,851,644,44,20,7.67
2025-12-20,Line 1,M102,Product B,1076,919,17,93,6.45
2025-12-20,Line 2,M201,Product C,917,868,20,87,6.55
2025-12-20,Line 2,M202,Product B,1017,1065,39,65,6.92
2025-12-20,Line 3,M301,Product C,813,643,34,41,7.32
2025-12-20,Line 3,M302,Product D,813,718,54,63,6.95
2025-12-20,Line 4,M401,Product D,825,729,32,60,7.0
2025-12-20,Line 4,M402,Product B,1194,1031,25,33,7.45
2025-12-21,Line 1,M101,Product B,1059,1084,76,41,7.32
2025-12-21,Line 1,M102,Product B,1187,964,71,164,5.27
2025-12-21,Line 2,M201,Product C,1183,1240,65,58,7.03
2025-12-21,Line 2,M202,Product B,846,837,31,132,5.8
2025-12-21,Line 3,M301,Product C,1060,830,37,14,7.77
2025-12-21,Line 3,M302,Product A,994,985,60,35,7.42
2025-12-21,Line 4,M401,Product C,984,1017,18,121,5.98
2025-12-21,Line 4,M402,Product C,917,962,19,176,5.07
2025-12-22,Line 1,M101,Product D,1041,785,24,175,5.08
2025-12-22,Line 1,M102,Product C,823,651,21,55,7.08
2025-12-22,Line 2,M201,Product A,865,783,15,130,5.83
2025-12-22,Line 2,M202,Product A,831,771,20,179,5.02
2025-12-22,Line 3,M301,Product C,990,925,29,117,6.05
2025-12-22,Line 3,M302,Product B,889,916,28,56,7.07
2025-12-22,Line 4,M401,Product C,856,843,9,137,5.72
2025-12-22,Line 4,M402,Product B,956,832,31,77,6.72
2025-12-23,Line 1,M101,Product C,814,801,29,17,7.72
2025-12-23,Line 1,M102,Product D,817,792,16,114,6.1
2025-12-23,Line 2,M201,Product A,1076,928,30,50,7.17
2025-12-23,Line 2,M202,Product A,807,689,20,33,7.45
2025-12-23,Line 3,M301,Product D,833,652,36,128,5.87
2025-12-23,Line 3,M302,Product D,1074,947,9,89,6.52
2025-12-23,Line 4,M401,Product D,1040,1060,42,42,7.3
2025-12-23,Line 4,M402,Product C,1136,1036,22,132,5.8
2025-12-24,Line 1,M101,Product D,1183,1182,84,60,7.0
2025-12-24,Line 1,M102,Product B,912,824,59,46,7.23
2025-12-24,Line 2,M201,Product B,1137,880,14,113,6.12
2025-12-24,Line 2,M202,Product C,1114,870,22,74,6.77
2025-12-24,Line 3,M301,Product B,1173,1111,53,128,5.87
2025-12-24,Line 3,M302,Product C,1189,1212,53,118,6.03
2025-12-24,Line 4,M401,Product C,1138,903,13,108,6.2
2025-12-24,Line 4,M402,Product A,901,940,10,46,7.23
2025-12-25,Line 1,M101,Product A,921,735,27,12,7.8
2025-12-25,Line 1,M102,Product D,1047,1054,34,170,5.17
2025-12-25,Line 2,M201,Product D,1031,1080,68,169,5.18
2025-12-25,Line 2,M202,Product C,1079,951,44,177,5.05
2025-12-25,Line 3,M301,Product C,972,1019,33,75,6.75
2025-12-25,Line 3,M302,Product C,1049,1029,68,179,5.02
2025-12-25,Line 4,M401,Product A,1142,1149,77,77,6.72
2025-12-25,Line 4,M402,Product A,1200,1031,13,149,5.52
2025-12-26,Line 1,M101,Product B,848,693,35,38,7.37
2025-12-26,Line 1,M102,Product A,1081,1041,26,98,6.37
2025-12-26,Line 2,M201,Product C,1031,908,19,139,5.68
2025-12-26,Line 2,M202,Product B,1003,998,74,59,7.02
2025-12-26,Line 3,M301,Product B,1148,937,11,60,7.0
2025-12-26,Line 3,M302,Product C,1069,994,28,154,5.43
2025-12-26,Line 4,M401,Product A,1072,920,38,145,5.58
2025-12-26,Line 4,M402,Product B,991,790,50,52,7.13
2025-12-27,Line 1,M101,Product B,1184,1142,80,166,5.23
2025-12-27,Line 1,M102,Product D,903,752,32,85,6.58
2025-12-27,Line 2,M201,Product D,1067,1111,71,129,5.85
2025-12-27,Line 2,M202,Product C,869,839,27,10,7.83
2025-12-27,Line 3,M301,Product A,928,893,47,63,6.95
2025-12-27,Line 3,M302,Product A,830,810,16,46,7.23
2025-12-27,Line 4,M401,Product D,882,863,59,72,6.8
2025-12-27,Line 4,M402,Product D,881,831,33,161,5.32
2025-12-28,Line 1,M101,Product B,927,927,18,67,6.88
2025-12-28,Line 1,M102,Product C,871,886,15,159,5.35
2025-12-28,Line 2,M201,Product B,905,799,50,80,6.67
2025-12-28,Line 2,M202,Product C,805,757,40,89,6.52
2025-12-28,Line 3,M301,Product A,1195,1121,71,69,6.85
2025-12-28,Line 3,M302,Product D,952,948,67,49,7.18
2025-12-28,Line 4,M401,Product A,1186,1213,55,79,6.68
2025-12-28,Line 4,M402,Product A,995,996,41,38,7.37
2025-12-29,Line 1,M101,Product D,1018,942,71,84,6.6
2025-12-29,Line 1,M102,Product B,1067,833,54,164,5.27
2025-12-29,Line 2,M201,Product C,923,932,72,120,6.0
2025-12-29,Line 2,M202,Product D,829,780,62,81,6.65
2025-12-29,Line 3,M301,Product C,928,874,29,117,6.05
2025-12-29,Line 3,M302,Product C,982,760,13,134,5.77
2025-12-29,Line 4,M401,Product B,1099,987,64,180,5.0
2025-12-29,Line 4,M402,Product C,853,894,70,153,5.45
2025-12-30,Line 1,M101,Product D,1110,1005,58,20,7.67
2025-12-30,Line 1,M102,Product A,1102,1103,23,157,5.38
2025-12-30,Line 2,M201,Product A,860,894,38,102,6.3
2025-12-30,Line 2,M202,Product D,1001,966,14,98,6.37
2025-12-30,Line 3,M301,Product D,1035,954,75,19,7.68
2025-12-30,Line 3,M302,Product D,1121,1091,65,16,7.73
2025-12-30,Line 4,M401,Product B,1090,876,48,94,6.43
2025-12-30,Line 4,M402,Product A,949,973,12,126,5.9
2025-12-31,Line 1,M101,Product C,983,978,53,100,6.33
2025-12-31,Line 1,M102,Product B,941,831,11,93,6.45
2025-12-31,Line 2,M201,Product D,1157,1211,45,51,7.15
2025-12-31,Line 2,M202,Product B,1085,1064,80,175,5.08
2025-12-31,Line 3,M301,Product C,1179,1026,54,54,7.1
2025-12-31,Line 3,M302,Product D,845,718,46,147,5.55
2025-12-31,Line 4,M401,Product B,962,960,21,33,7.45
2025-12-31,Line 4,M402,Product D,960,899,31,107,6.22
